{
    "faces":[32,17,0,1,0,0,0,32,1,2,3,1,1,1,32,3,4,5,2,2,2,32,5,6,7,3,3,3,32,7,8,9,4,4,4,32,9,10,11,5,5,5,32,12,13,14,6,6,6,32,12,14,15,7,7,7,32,9,11,12,8,8,8,32,5,7,9,9,9,9,32,1,3,5,10,10,10,32,16,17,1,0,0,0,32,12,15,16,11,11,11,32,5,9,12,12,12,12,32,16,1,5,13,13,13,32,5,12,16,14,14,14,33,1,0,18,19,15,15,16,16,33,2,1,19,20,17,15,16,18,33,13,12,21,22,19,20,21,22,33,23,24,15,14,16,16,15,15,33,25,16,15,24,22,19,15,16,33,17,16,25,26,19,19,22,22,32,18,26,25,23,23,23,32,24,23,22,24,24,24,32,19,18,25,24,24,24,32,24,22,21,25,25,25,32,19,25,24,26,26,26,32,35,20,19,25,25,25,32,33,34,35,27,27,27,32,31,32,33,23,23,23,32,29,30,31,23,23,23,32,27,28,29,27,27,27,32,24,21,27,28,28,28,32,35,19,24,24,24,24,32,31,33,35,23,23,23,32,27,29,31,23,23,23,32,35,24,27,29,29,29,32,27,31,35,23,23,23,33,27,21,12,11,30,21,20,31,33,28,27,11,10,32,30,31,33,33,29,28,10,9,34,32,33,35,33,30,29,9,8,36,34,35,37,33,31,30,8,7,38,36,37,39,33,32,31,7,6,40,38,39,41,33,33,32,6,5,42,40,41,43,33,34,33,5,4,44,42,43,45,33,35,34,4,3,46,44,45,47,33,3,2,20,35,47,17,18,46,33,22,23,14,13,22,16,15,19,33,0,17,26,18,15,19,22,16,32,47,36,37,48,48,48,32,37,38,39,49,49,49,32,37,39,40,50,50,50,32,46,47,37,51,51,51,32,45,46,37,52,52,52,32,37,40,41,53,53,53,32,37,41,42,54,54,54,32,44,45,37,55,55,55,32,37,42,43,56,56,56,32,37,43,44,57,57,57,33,48,49,37,36,58,59,60,61,33,38,37,49,50,62,60,59,63,32,59,50,49,28,28,28,32,49,48,51,24,24,24,32,49,51,52,24,24,24,32,58,59,49,28,28,28,32,57,58,49,28,28,28,32,49,52,53,24,24,24,32,49,53,54,24,24,24,32,56,57,49,64,64,64,32,49,54,55,25,25,25,32,49,55,56,24,24,24,33,51,48,36,47,65,58,61,66,33,52,51,47,46,67,65,66,68,33,53,52,46,45,69,67,68,70,33,54,53,45,44,71,69,70,72,33,55,54,44,43,73,71,72,74,33,56,55,43,42,75,73,74,76,33,57,56,42,41,77,75,76,78,33,58,57,41,40,79,77,78,80,33,59,58,40,39,81,79,80,82,33,39,38,50,59,82,62,63,81],
    "vertices":[0.146027,2.2998e-06,0.065894,-0.0655629,2.2998e-06,0.065894,-0.0655629,2.3088e-06,0.273463,-0.0802428,2.3086e-06,0.266851,-0.0953918,2.3081e-06,0.256958,-0.108609,2.3076e-06,0.244868,-0.119895,2.307e-06,0.230579,-0.129249,2.3063e-06,0.214091,-0.136672,2.3054e-06,0.195406,-0.142163,2.3045e-06,0.174522,-0.145723,2.3035e-06,0.151439,-0.147351,2.3024e-06,0.126159,-0.147351,2.2744e-06,-0.514238,0.146027,2.2744e-06,-0.514238,0.146027,2.2823e-06,-0.334768,-0.0655629,2.2823e-06,-0.334768,-0.0655629,2.292e-06,-0.112914,0.146027,2.292e-06,-0.112914,0.146027,1,0.065894,-0.0655629,1,0.065894,-0.0655629,1,0.273463,-0.147351,1,-0.514238,0.146027,1,-0.514238,0.146027,1,-0.334768,-0.0655629,1,-0.334768,-0.0655629,1,-0.112914,0.146027,1,-0.112914,-0.147351,1,0.126159,-0.145723,1,0.151439,-0.142163,1,0.174522,-0.136672,1,0.195406,-0.129249,1,0.214091,-0.119895,1,0.230578,-0.108609,1,0.244867,-0.0953918,1,0.256958,-0.0802428,1,0.266851,-0.12281,2.3166e-06,0.45,-0.298013,2.3166e-06,0.45,-0.298013,2.3123e-06,0.351661,-0.294012,2.3125e-06,0.356153,-0.277815,2.3131e-06,0.371854,-0.260407,2.3138e-06,0.386451,-0.241961,2.3144e-06,0.399779,-0.222475,2.3149e-06,0.411838,-0.20195,2.3154e-06,0.422627,-0.180385,2.3158e-06,0.432147,-0.157781,2.3161e-06,0.440397,-0.134138,2.3164e-06,0.447379,-0.12281,1,0.45,-0.298013,1,0.45,-0.298013,1,0.35166,-0.134138,1,0.447379,-0.157781,1,0.440397,-0.180385,1,0.432147,-0.20195,1,0.422627,-0.222475,1,0.411838,-0.241961,1,0.399779,-0.260407,1,0.386451,-0.277815,1,0.371854,-0.294012,1,0.356153],
    "metadata":{
        "version":3,
        "vertices":60,
        "uvs":0,
        "generator":"io_three",
        "faces":82,
        "type":"Geometry",
        "normals":83
    },
    "uvs":[],
    "normals":[0,-1,4.37e-08,-0,-1,4.37e-08,-0,-1,4.37e-08,-1e-10,-1,4.38e-08,-0,-1,4.37e-08,1e-10,-1,4.37e-08,0,-1,4.37e-08,0,-1,4.37e-08,0,-1,4.37e-08,-0,-1,4.37e-08,0,-1,4.37e-08,0,-1,4.37e-08,-0,-1,4.37e-08,0,-1,4.37e-08,0,-1,4.37e-08,0.577349,-0.577349,0.577349,0.577349,0.577349,0.577349,0.450331,-0.558275,0.696768,0.450331,0.558275,0.696768,0.577349,-0.577349,-0.577349,-0.577349,-0.577349,-0.577349,-0.577349,0.577349,-0.577349,0.577349,0.577349,-0.577349,0,1,0,0,1,-0,0,1,-0,0,0,0,0,1,0,-0,1,0,-0,1,-0,-0.713828,0.699911,0.0229499,-0.713828,-0.699911,0.0229499,-0.712577,0.697256,0.0777306,-0.712577,-0.697256,0.0777306,-0.703391,0.695578,0.146275,-0.703391,-0.695578,0.146275,-0.684164,0.693747,0.224921,-0.684164,-0.693747,0.224921,-0.65099,0.691916,0.312143,-0.65099,-0.691916,0.312143,-0.600208,0.690359,0.403882,-0.600208,-0.690359,0.403882,-0.530412,0.689383,0.493332,-0.530412,-0.689383,0.493332,-0.444014,0.689291,0.572466,-0.444014,-0.689291,0.572466,-0.347514,0.690054,0.634846,-0.347514,-0.690054,0.634846,0,-1,4.37e-08,0,-1,4.37e-08,-0,-1,4.37e-08,-0,-1,4.37e-08,-0,-1,4.37e-08,-0,-1,4.37e-08,-0,-1,4.37e-08,-0,-1,4.37e-08,0,-1,4.37e-08,-0,-1,4.37e-08,0.837581,0.537828,0.095645,-0.577349,0.577349,0.577349,-0.577349,-0.577349,0.577349,0.837581,-0.537828,0.095645,-0.298196,-0.545488,-0.783258,-0.298196,0.545488,-0.783258,-0,1,0,0.181585,0.70043,-0.690207,0.181585,-0.70043,-0.690207,0.223609,0.700095,-0.678121,0.223609,-0.700095,-0.678121,0.266854,0.699759,-0.662618,0.266854,-0.699759,-0.662618,0.310709,0.699484,-0.643513,0.310709,-0.699484,-0.643513,0.354595,0.699271,-0.620655,0.354595,-0.699271,-0.620655,0.397717,0.699118,-0.594134,0.397717,-0.699118,-0.594134,0.439375,0.699057,-0.564104,0.439375,-0.699057,-0.564104,0.478866,0.699088,-0.530992,0.478866,-0.699088,-0.530992,0.516251,0.698935,-0.494888,0.516251,-0.698935,-0.494888]
}