{
    "faces":[32,11,0,1,0,0,0,32,1,2,3,1,1,1,32,1,3,4,2,2,2,32,10,11,1,3,3,3,32,9,10,1,4,4,4,32,1,4,5,5,5,5,32,1,5,6,6,6,6,32,8,9,1,7,7,7,32,1,6,7,8,8,8,32,1,7,8,9,9,9,33,1,0,12,13,10,11,12,13,33,2,1,13,14,14,10,13,15,32,23,14,13,16,16,16,32,13,12,15,17,17,17,32,13,15,16,17,17,17,32,22,23,13,16,16,16,32,21,22,13,16,16,16,32,13,16,17,17,17,17,32,13,17,18,17,17,17,32,20,21,13,18,18,18,32,13,18,19,19,19,19,32,13,19,20,17,17,17,33,0,11,15,12,11,20,21,12,33,16,15,11,10,22,21,20,23,33,17,16,10,9,24,22,23,25,33,18,17,9,8,26,24,25,27,33,19,18,8,7,28,26,27,29,33,20,19,7,6,30,28,29,31,33,21,20,6,5,32,30,31,33,33,22,21,5,4,34,32,33,35,33,23,22,4,3,36,34,35,37,33,3,2,14,23,37,14,15,36,32,24,25,26,38,38,38,32,24,26,27,39,39,39,32,40,41,24,40,40,40,32,38,39,40,41,41,41,32,36,37,38,42,42,42,32,34,35,36,43,43,43,32,32,33,34,44,44,44,32,29,30,31,45,45,45,32,31,32,34,46,46,46,32,34,36,38,47,47,47,32,38,40,24,48,48,48,32,24,27,28,49,49,49,32,28,29,31,45,45,45,32,31,34,38,50,50,50,32,38,24,28,51,51,51,32,28,31,38,52,52,52,33,25,24,42,43,53,54,55,56,33,44,45,27,26,57,57,58,58,33,46,28,27,45,56,53,58,57,33,29,28,46,47,53,53,56,56,33,48,49,31,30,57,57,58,58,33,32,31,49,50,59,58,57,60,32,48,47,46,61,61,61,32,45,44,43,17,17,17,32,49,48,46,17,17,17,32,45,43,42,19,19,19,32,49,46,45,62,62,62,32,59,50,49,19,19,19,32,57,58,59,63,63,63,32,55,56,57,61,61,61,32,53,54,55,61,61,61,32,51,52,53,63,63,63,32,45,42,51,16,16,16,32,59,49,45,17,17,17,32,55,57,59,61,61,61,32,51,53,55,61,61,61,32,59,45,51,64,64,64,32,51,55,59,61,61,61,33,51,42,24,41,65,55,54,66,33,52,51,41,40,67,65,66,68,33,53,52,40,39,69,67,68,70,33,54,53,39,38,71,69,70,72,33,55,54,38,37,73,71,72,74,33,56,55,37,36,75,73,74,76,33,57,56,36,35,77,75,76,78,33,58,57,35,34,79,77,78,80,33,59,58,34,33,81,79,80,82,33,33,32,50,59,82,59,60,81,33,43,44,26,25,56,57,58,53,33,29,47,48,30,53,56,57,58],
    "vertices":[-0.12281,2.31656e-06,0.45,-0.298013,2.31656e-06,0.45,-0.298013,2.31226e-06,0.351661,-0.294012,2.31246e-06,0.356153,-0.277815,2.31315e-06,0.371854,-0.260407,2.31378e-06,0.386451,-0.241961,2.31437e-06,0.399779,-0.222475,2.31489e-06,0.411838,-0.20195,2.31537e-06,0.422627,-0.180385,2.31578e-06,0.432147,-0.157781,2.31614e-06,0.440397,-0.134138,2.31645e-06,0.447379,-0.12281,1,0.45,-0.298013,1,0.45,-0.298013,1,0.35166,-0.134138,1,0.447379,-0.157781,1,0.440397,-0.180385,1,0.432147,-0.20195,1,0.422627,-0.222475,1,0.411838,-0.241961,1,0.399779,-0.260407,1,0.386451,-0.277815,1,0.371854,-0.294012,1,0.356153,-0.147351,2.27441e-06,-0.514238,0.146027,2.27441e-06,-0.514238,0.146027,2.28226e-06,-0.334768,-0.0655629,2.28226e-06,-0.334768,-0.0655629,2.29196e-06,-0.112914,0.146027,2.29196e-06,-0.112914,0.146027,2.29977e-06,0.065894,-0.0655629,2.29977e-06,0.065894,-0.0655629,2.30885e-06,0.273463,-0.0802428,2.30856e-06,0.266851,-0.0953918,2.30812e-06,0.256958,-0.108609,2.3076e-06,0.244868,-0.119895,2.30697e-06,0.230579,-0.129249,2.30625e-06,0.214091,-0.136672,2.30543e-06,0.195406,-0.142163,2.30452e-06,0.174522,-0.145723,2.30351e-06,0.151439,-0.147351,2.30241e-06,0.126159,-0.147351,1,-0.514238,0.146027,1,-0.514238,0.146027,1,-0.334768,-0.0655629,1,-0.334768,-0.0655629,1,-0.112914,0.146027,1,-0.112914,0.146027,1,0.065894,-0.0655629,1,0.065894,-0.0655629,1,0.273463,-0.147351,1,0.126159,-0.145723,1,0.151439,-0.142163,1,0.174522,-0.136672,1,0.195406,-0.129249,1,0.214091,-0.119895,1,0.230578,-0.108609,1,0.244867,-0.0953918,1,0.256958,-0.0802428,1,0.266851],
    "metadata":{
        "version":3,
        "vertices":60,
        "uvs":0,
        "generator":"io_three",
        "faces":82,
        "type":"Geometry",
        "normals":83
    },
    "uvs":[],
    "normals":[0,-1,4.37155e-08,1.55365e-11,-1,4.37108e-08,-4.3836e-12,-1,4.371e-08,-1.162e-13,-1,4.37082e-08,-1.182e-13,-1,4.37082e-08,-2.1465e-12,-1,4.37105e-08,-1.9468e-12,-1,4.37107e-08,-1.21e-13,-1,4.37082e-08,5.1156e-12,-1,4.37185e-08,-1.248e-13,-1,4.37082e-08,-0.577349,-0.577349,0.577349,0.837581,-0.537828,0.095645,0.837581,0.537828,0.095645,-0.577349,0.577349,0.577349,-0.298196,-0.545488,-0.783258,-0.298196,0.545488,-0.783258,-0,1,0,0,1,-0,-0,1,0,0,1,-0,0.181585,-0.70043,-0.690207,0.181585,0.70043,-0.690207,0.223609,0.700095,-0.678121,0.223609,-0.700095,-0.678121,0.266854,0.699759,-0.662618,0.266854,-0.699759,-0.662618,0.310709,0.699484,-0.643513,0.310709,-0.699484,-0.643513,0.354595,0.699271,-0.620655,0.354595,-0.699271,-0.620655,0.397717,0.699118,-0.594134,0.397717,-0.699118,-0.594134,0.439375,0.699057,-0.564104,0.439375,-0.699057,-0.564104,0.478866,0.699088,-0.530992,0.478866,-0.699088,-0.530992,0.516251,0.698935,-0.494888,0.516251,-0.698935,-0.494888,0,-1,4.37124e-08,0,-1,4.37124e-08,-6.9217e-12,-1,4.37114e-08,-3.3364e-11,-1,4.37221e-08,4.77124e-11,-1,4.36899e-08,9.06254e-11,-1,4.36242e-08,-2.05366e-11,-1,4.37484e-08,0,-1,4.37115e-08,9e-15,-1,4.37113e-08,-9.5077e-12,-1,4.37172e-08,1.89285e-11,-1,4.37113e-08,2.9981e-12,-1,4.37111e-08,-5.995e-13,-1,4.37112e-08,3.139e-13,-1,4.37116e-08,-8.7e-15,-1,4.37115e-08,0.577349,-0.577349,-0.577349,-0.577349,-0.577349,-0.577349,-0.577349,0.577349,-0.577349,0.577349,0.577349,-0.577349,0.577349,0.577349,0.577349,0.577349,-0.577349,0.577349,0.450331,-0.558275,0.696768,0.450331,0.558275,0.696768,0,1,0,0,0,0,0,1,0,-0,1,-0,-0.713828,0.699911,0.0229499,-0.713828,-0.699911,0.0229499,-0.712577,0.697256,0.0777306,-0.712577,-0.697256,0.0777306,-0.703391,0.695578,0.146275,-0.703391,-0.695578,0.146275,-0.684164,0.693747,0.224921,-0.684164,-0.693747,0.224921,-0.65099,0.691916,0.312143,-0.65099,-0.691916,0.312143,-0.600208,0.690359,0.403882,-0.600208,-0.690359,0.403882,-0.530412,0.689383,0.493332,-0.530412,-0.689383,0.493332,-0.444014,0.689291,0.572466,-0.444014,-0.689291,0.572466,-0.347514,0.690054,0.634846,-0.347514,-0.690054,0.634846]
}