{
    "faces":[33,3,2,8,9,0,1,2,3,32,44,17,16,4,5,6,32,16,51,47,6,7,8,32,16,47,44,6,8,4,33,19,18,24,25,9,10,11,12,33,13,12,4,5,13,14,15,16,33,1,0,57,58,17,18,19,20,33,15,14,2,3,21,22,1,0,33,7,6,18,19,23,24,10,9,33,0,1,5,4,18,17,16,15,33,9,8,12,13,3,2,14,13,33,21,20,16,17,25,26,6,5,33,31,30,26,27,27,28,29,30,33,11,10,22,23,31,32,33,34,32,43,33,32,35,35,36,32,32,49,42,36,36,37,32,32,42,43,36,37,35,33,25,24,39,41,12,11,38,39,33,23,22,68,61,34,33,40,41,33,27,26,20,21,30,29,26,25,33,29,28,32,33,42,43,36,35,32,29,46,45,42,42,44,32,45,52,28,44,43,43,32,45,28,29,44,43,42,33,54,40,38,53,42,35,36,43,33,36,34,10,11,45,46,32,31,33,40,41,39,38,35,39,38,36,33,64,70,71,65,47,48,49,50,32,33,43,50,51,51,51,32,50,15,3,52,52,52,32,3,9,13,53,53,53,32,13,5,1,52,52,52,32,1,58,59,54,54,54,32,59,31,27,55,55,55,32,27,21,17,52,52,52,32,17,44,46,56,56,56,32,17,46,29,57,57,57,32,59,27,17,58,58,58,32,13,1,59,59,59,59,32,50,3,13,53,53,53,32,33,50,13,60,60,60,32,59,17,29,61,61,61,32,29,33,13,52,52,52,32,13,59,29,62,62,62,32,25,41,40,63,63,63,32,54,62,7,53,53,53,32,19,25,40,64,64,64,32,54,7,19,52,52,52,32,40,54,19,65,65,65,32,23,61,56,66,66,66,32,56,37,36,67,67,67,32,11,23,56,66,66,66,32,56,36,11,68,68,68,32,48,50,43,69,70,35,32,43,42,49,35,37,36,32,43,49,48,35,36,69,32,44,47,51,4,8,7,32,51,52,45,7,43,44,32,45,46,44,44,42,4,32,51,45,44,7,44,4,33,50,48,14,15,70,69,22,21,32,66,65,71,71,71,71,32,70,64,63,72,72,72,33,56,61,68,55,73,41,40,74,33,53,69,62,54,43,75,76,42,33,65,66,63,64,50,77,78,47,32,59,58,57,79,20,19,32,57,67,60,19,80,81,32,57,60,59,19,81,79,32,31,59,60,27,79,81,32,60,67,30,81,80,28,32,60,30,31,81,28,27,32,10,34,35,82,82,82,32,55,68,22,83,83,83,32,22,10,35,84,84,84,32,35,55,22,85,85,85,32,6,69,53,86,86,86,32,53,38,39,87,87,87,32,53,39,24,88,88,88,32,18,6,53,89,89,89,32,53,24,18,90,90,90,32,14,48,49,91,91,91,32,14,49,32,92,92,92,32,8,2,14,93,93,93,32,4,12,8,94,94,94,32,57,0,4,95,95,95,32,30,67,57,96,96,96,32,20,26,30,97,97,97,32,51,16,20,98,98,98,32,28,52,51,99,99,99,32,8,14,32,100,100,100,32,28,51,20,101,101,101,32,8,32,28,102,102,102,32,57,4,8,103,103,103,32,20,30,57,104,104,104,32,8,28,20,105,105,105,32,20,57,8,106,106,106,33,71,70,63,66,49,48,78,77,33,62,69,6,7,76,75,24,23,33,37,56,55,35,107,73,74,47,33,35,34,36,37,47,46,45,107],
    "vertices":[-0.115618,2.23753e-06,-0.287013,-0.115618,1,-0.287013,0.0561443,2.23497e-06,-0.345511,0.0561443,1,-0.345512,-0.0975166,2.23663e-06,-0.307616,-0.0975166,1,-0.307616,0.186086,2.22822e-06,-0.50009,0.186086,1,-0.50009,-0.016777,2.2349e-06,-0.347278,-0.016777,1,-0.347278,-0.284136,2.23195e-06,-0.414616,-0.284136,1,-0.414616,-0.0662252,2.23562e-06,-0.330795,-0.0662252,1,-0.330795,0.0936718,2.23547e-06,-0.334032,0.0936718,1,-0.334032,0.0877852,2.30702e-06,0.279948,0.0877852,1,0.279948,0.265942,2.23002e-06,-0.458865,0.265942,1,-0.458865,-0.0318984,2.30686e-06,0.27638,-0.0318984,1,0.27638,-0.228893,2.22993e-06,-0.460973,-0.228893,1,-0.460973,0.340324,2.23339e-06,-0.381715,0.340324,1,-0.381715,-0.0593543,2.30642e-06,0.266308,-0.0593543,1,0.266308,0.0059603,2.2989e-06,0.0943708,0.0059603,1,0.0943708,-0.0946399,2.30543e-06,0.243647,-0.0946399,1,0.243646,0.0059603,2.24722e-06,-0.0652318,0.0059603,1,-0.0652319,-0.336085,2.23544e-06,-0.334768,-0.403642,2.20564e-06,-0.334768,-0.336085,1,-0.334768,-0.403642,1,-0.334768,0.402318,2.38445e-06,-0.334768,0.362502,2.26103e-06,-0.334768,0.402318,1,-0.334768,0.362502,1,-0.334768,0.112914,0.696031,-0.0652318,0.112914,1,-0.0652319,0.112914,1,0.272435,0.112914,0.661886,0.0943708,0.112914,1,0.0943708,0.112914,0.441995,0.272435,0.112914,2.23601e-06,-0.32183,0.112914,2.25936e-06,-0.0652318,0.112914,1,-0.32183,0.112914,2.30669e-06,0.272435,0.112914,2.2989e-06,0.0943708,0.402318,2.2127e-06,-0.514238,0.402318,1,-0.514238,-0.403642,2.2127e-06,-0.514238,-0.403642,1,-0.514238,-0.119536,2.23784e-06,-0.279895,-0.119536,1,-0.279895,-0.119536,1,0.213077,-0.119536,0.755709,0.213077,-0.103545,1,-0.514238,0.125707,1,-0.514238,-0.119536,2.31421e-06,0.444574,-0.119536,2.31445e-06,0.45,-0.119536,1,0.45,-0.119536,1,0.444574,-0.119536,2.30409e-06,0.213077,-0.103545,2.2276e-06,-0.514238,0.125707,2.2276e-06,-0.514238,-0.0876308,2.31445e-06,0.45,-0.0876308,1,0.45],
    "metadata":{
        "version":3,
        "vertices":72,
        "uvs":0,
        "generator":"io_three",
        "faces":101,
        "type":"Geometry",
        "normals":108
    },
    "uvs":[],
    "normals":[0.117527,0.677755,-0.725822,0.117527,-0.677755,-0.725822,-0.109958,-0.670339,-0.733848,-0.109958,0.670339,-0.733848,0.64507,0.594165,0.480392,0.0961638,0.672903,0.733421,0.0961638,-0.672903,0.733421,0.64507,-0.594165,0.480392,0.801996,0,0.597278,-0.442183,0.672201,0.593768,-0.442183,-0.672201,0.593768,-0.609149,-0.672353,0.420515,-0.609149,0.672353,0.420515,-0.341166,0.67336,-0.655873,-0.341166,-0.67336,-0.655873,-0.493881,-0.683981,-0.536821,-0.493881,0.683981,-0.536821,-0.597461,0.683432,-0.419385,-0.597461,-0.683432,-0.419385,-0.731712,-0.65511,-0.188086,-0.731712,0.65511,-0.188086,0.306986,0.678182,-0.667653,0.306986,-0.678182,-0.667653,-0.253578,0.680441,0.68749,-0.253578,-0.680441,0.68749,-0.140233,0.67275,0.726432,-0.140233,-0.67275,0.726432,-0.492538,0.673299,0.551378,-0.492538,-0.673299,0.551378,-0.324961,-0.683279,0.653829,-0.324961,0.683279,0.653829,0.55211,0.675375,0.488876,0.55211,-0.675375,0.488876,0.385479,-0.675314,0.628742,0.385479,0.675314,0.628742,0.577349,0.577349,0.577349,0.577349,-0.577349,0.577349,0.707083,0,0.707083,-0.426466,-0.604175,0.673116,-0.426466,0.604175,0.673116,0.824976,-0.539598,-0.168004,0.824976,0.539598,-0.168004,0.577349,0.577349,-0.577349,0.577349,-0.577349,-0.577349,0.707083,0,-0.707083,0.376354,0.61388,0.693869,0.376354,-0.61388,0.693869,-0.577349,-0.577349,0.577349,0.840266,-0.537461,0.070925,0.840266,0.537461,0.070925,-0.577319,0.577349,0.577319,5.57294e-07,1,2.32288e-07,0,1,0,-0,1,0,2.19633e-07,1,1.20909e-07,2.62548e-06,1,-4.08807e-06,2.37197e-06,1,-9.92e-14,5.57294e-07,1,-2.45722e-07,1.15959e-07,1,-1.25084e-06,1.06388e-07,1,1.20021e-07,0,1,-0,-3.35165e-07,1,1.47781e-07,-4.0923e-07,1,6.94798e-08,2.99398e-06,1,-1.44752e-07,1.06866e-05,1,-1.03031e-05,4.04554e-07,1,9.96344e-07,0,1,-0,5.2937e-06,1,-1.66057e-06,-4.03461e-07,1,4.83988e-07,0.692251,-0.613025,-0.380718,0.692251,0.613025,-0.380718,1.1209e-05,1,-5.49236e-05,-8.16e-14,-1,4.37057e-08,-0.577349,0.577349,-0.577349,-0.577349,-0.577349,-0.577349,-0.837428,-0.537858,-0.0968047,-0.837428,0.537858,-0.0968047,-0.530473,0.568987,-0.628315,-0.530473,-0.568987,-0.628315,-0.724815,0.638874,0.25779,-0.724815,-0.638874,0.25779,-0.942167,0,0.335124,4.41142e-07,-1,3.30724e-07,4.96552e-08,-1,1.6056e-07,1.22365e-06,-1,1.50189e-06,1.10579e-07,-1,-3.93162e-08,-5.38705e-08,-1,2.73602e-07,3.09976e-06,-1,9.57028e-07,4.60185e-07,-1,3.71425e-07,-6.11606e-08,-1,1.62188e-07,-7.85269e-08,-1,1.19418e-07,-2.99851e-08,-1,9.09988e-08,1.13449e-07,-1,8.0731e-08,-1.8353e-12,-1,4.37216e-08,5.955e-12,-1,4.37193e-08,6.02871e-11,-1,4.37655e-08,-1.11342e-07,-1,1.34393e-07,1.94472e-11,-1,4.36756e-08,-5.258e-13,-1,4.37241e-08,3e-15,-1,4.37116e-08,-6.347e-13,-1,4.37116e-08,-8.517e-13,-1,4.37122e-08,-3.4744e-06,-1,3.23803e-07,8.4191e-12,-1,4.37243e-08,-4.56801e-08,-1,1.3127e-07,3.9007e-07,-1,1.24849e-07,4.7762e-08,-1,1.16549e-07,-0.577349,0.577349,0.577349]
}