{
    "faces":[32,10,0,1,0,0,0,32,1,2,3,1,1,1,32,3,4,5,2,2,2,32,5,6,7,3,3,3,32,7,8,9,4,4,4,32,9,10,1,5,5,5,32,1,3,5,6,6,6,32,5,7,9,7,7,7,32,1,5,9,8,8,8,32,14,1,0,9,10,11,32,11,12,13,12,13,14,32,14,0,11,9,11,12,32,11,13,14,12,14,9,32,17,15,5,15,16,17,32,5,4,16,17,18,19,32,5,16,17,17,19,15,33,6,5,15,18,20,17,16,21,32,23,13,12,22,22,22,32,12,19,20,22,22,22,32,20,21,18,22,22,22,32,18,15,17,22,22,22,32,17,22,23,22,22,22,32,23,12,20,23,23,23,32,20,18,17,24,24,24,32,20,17,23,22,22,22,32,14,13,23,9,14,25,32,14,23,22,9,25,26,32,22,2,1,26,27,10,32,22,1,14,26,10,9,32,2,22,17,27,26,15,32,17,16,3,15,19,28,32,17,3,2,15,28,27,32,16,4,3,19,18,28,33,7,6,18,21,29,20,21,30,33,21,20,8,7,30,31,32,29,33,20,19,9,8,31,33,34,32,32,9,19,12,34,33,13,32,12,11,10,13,12,35,32,12,10,9,13,35,34,32,11,0,10,12,11,35],
    "vertices":[0.0768598,2.28296e-06,-0.318686,0.0611025,2.29158e-06,-0.121481,0.0543046,2.29167e-06,-0.119536,0.0536158,2.29167e-06,-0.119379,0.053208,2.29168e-06,-0.119286,-0.0761589,2.29168e-06,-0.119286,-0.0761589,2.28238e-06,-0.332086,0.0583103,2.28266e-06,-0.325642,0.0595242,2.28268e-06,-0.325203,0.0747931,2.28292e-06,-0.319681,0.0753339,2.28293e-06,-0.319421,0.0768598,0.298336,-0.318686,0.0768598,1,-0.318686,0.0611025,1,-0.121481,0.0611025,0.214271,-0.121481,-0.0761589,1,-0.119286,0.053208,0.062604,-0.119286,0.053208,1,-0.119286,-0.0761589,1,-0.332086,0.0747931,1,-0.319681,0.0710024,1,-0.321052,0.0583103,1,-0.325642,0.0543046,1,-0.119537,0.0563163,1,-0.120112],
    "metadata":{
        "version":3,
        "vertices":24,
        "uvs":0,
        "generator":"io_three",
        "faces":40,
        "type":"Geometry",
        "normals":36
    },
    "uvs":[],
    "normals":[-4.9416e-11,-1,4.37079e-08,3.72839e-10,-1,4.50408e-08,0,-1,4.39946e-08,6.38e-14,-1,4.37117e-08,-1.14111e-05,-1,3.16003e-05,-4.19235e-11,-1,4.37085e-08,-2.028e-13,-1,4.37117e-08,1.8335e-12,-1,4.37129e-08,-2.091e-13,-1,4.37114e-08,0.773797,0,0.633412,0.619861,-0.598559,0.507401,0.694296,-0.599292,-0.39845,0.867306,0,-0.497726,0.694296,0.599292,-0.39845,0.619861,0.598559,0.507401,0.0817591,0.68276,0.726035,-0.577349,0.577349,0.577349,-0.577349,-0.577349,0.577349,0.0817591,-0.68276,0.726035,0.111881,0,0.993713,-0.564562,-0.574847,-0.592242,-0.564562,0.574847,-0.592242,0,1,0,0,1,-0,-0,1,0,0.194433,0.707083,0.67983,0.177404,0.701041,0.690664,0.177404,-0.701041,0.690664,0.157262,-0.707083,0.689383,0.144688,-0.675039,-0.723411,0.144688,0.675039,-0.723411,0.240425,0.707083,-0.664937,0.240425,-0.707083,-0.664937,0.278359,0.695791,-0.662069,0.278359,-0.695791,-0.662069,0.306955,-0.707022,-0.637043]
}