{
    "uvs":[],
    "normals":[0,-1,0,-0,-1,0,0,-1,0,0,-1,0,-0,-1,0,-0,-1,0,0,-1,0,0,-1,0,-0,-1,0,-0,-1,0,-0,-1,0,0,-1,0,-0,-1,0,-0,-1,0,0,-1,0,-0,-1,0,-0,-1,0,0,-1,0,-0,-1,0,-0,-1,0,-0,-1,0,0,-1,0,0,-1,0,0,-1,0,-0,-1,0,-0,-1,0,-0,-1,0,-0,-1,0,0,-1,0,0,-1,0,-0,-1,0,-0,-1,0,0,0.255224,-0.966882,0.966882,0.255224,0,-0,0.255224,0.966882,-0.966882,0.255223,-0,0,1,-0,0,1,0,-0,1,-0,-0,1,-0,0,1,-0,0,1,-0,0,1,0,0,1,-0,0,1,-0,0,1,-0,0,1,-0,-0,1,0,-0,1,0,-0.999827,0,0.018613,-0.980401,0,0.197012,-0.983745,-0,-0.179572,-0.934623,0,0.355639,-0.920419,-0,-0.390934,-0.867889,0,0.496759,-0.801419,-0,-0.598103,-0.782743,0,0.622346,-0.631453,-0,-0.775414,0.897785,-0,-0.440433,-0.432313,-0,-0.901724,0.937271,-0,-0.348602,-0.232501,-0,-0.972596,0.97016,-0,-0.242464,-0.052683,-0,-0.998611,0.993416,-0,-0.11456,-1,-0,0,0.999093,0,0.042578,0.707032,-0,-0.707181,0.972571,0,0.232607,0.707032,0,0.707181,0.894595,0,0.446879,-1,-0,0,0.754025,0,0.656846,0.038075,0,0.999275,0.565679,0,0.824626,0.186046,0,0.982541,0.365971,0,0.930626],
    "vertices":[1,2e-06,-1,1,2e-06,1,-1,2e-06,1,-0.121899,2e-06,0.439666,-0.121899,2e-06,0.19775,-0.001177,2e-06,0.191381,0.100706,2e-06,0.167025,0.184206,2e-06,0.126993,0.249781,2e-06,0.073593,0.297887,2e-06,0.009134,0.328981,2e-06,-0.064074,0.343519,2e-06,-0.143722,0.34196,2e-06,-0.2275,0.324759,2e-06,-0.313099,0.292373,2e-06,-0.398209,0.245259,2e-06,-0.480522,0.183873,2e-06,-0.557728,0.209443,2e-06,-0.505606,0.229919,2e-06,-0.450555,0.244043,2e-06,-0.394041,0.25056,2e-06,-0.337526,0.248214,2e-06,-0.282477,0.235749,2e-06,-0.230356,0.211907,2e-06,-0.182629,0.175435,2e-06,-0.14076,0.125074,2e-06,-0.106214,0.059569,2e-06,-0.080454,-0.022337,2e-06,-0.064945,-0.121899,2e-06,-0.061151,-0.121899,2e-06,-0.30838,-0.496001,2e-06,0.065643,-1,2e-06,-1,0.736035,1,-0.736035,-0.736035,1,-0.736035,0.736034,1,0.736035,-0.736035,1,0.736035,-0.121899,1,0.439666,-0.496001,1,0.065643,-0.121899,1,-0.30838,-0.121899,1,-0.061151,-0.022337,1,-0.064945,0.059569,1,-0.080454,0.125074,1,-0.106214,0.175435,1,-0.14076,0.211907,1,-0.182629,0.235749,1,-0.230356,0.248214,1,-0.282477,0.25056,1,-0.337526,0.244043,1,-0.394041,0.229919,1,-0.450555,0.209443,1,-0.505606,0.183873,1,-0.557728,0.245259,1,-0.480522,0.292373,1,-0.398209,0.324759,1,-0.313099,0.34196,1,-0.2275,0.343519,1,-0.143722,0.328981,1,-0.064074,0.297887,1,0.009134,0.249781,1,0.073593,0.184206,1,0.126993,0.100706,1,0.167025,-0.001177,1,0.191381,-0.121899,1,0.197749],
    "metadata":{
        "uvs":0,
        "normals":77,
        "faces":96,
        "generator":"io_three",
        "version":3,
        "vertices":64,
        "type":"Geometry"
    },
    "faces":[32,12,0,1,0,0,0,32,1,2,3,1,1,1,32,3,4,5,2,2,2,32,3,5,6,3,3,3,32,11,12,1,4,4,4,32,10,11,1,5,5,5,32,1,3,6,6,6,6,32,1,6,7,7,7,7,32,9,10,1,8,8,8,32,1,7,8,9,9,9,32,1,8,9,10,10,10,32,0,12,13,11,11,11,32,0,13,14,12,12,12,32,30,3,2,13,13,13,32,27,28,29,14,14,14,32,30,2,31,15,15,15,32,26,27,29,16,16,16,32,29,30,31,17,17,17,32,0,14,15,18,18,18,32,16,17,18,19,19,19,32,0,15,16,20,20,20,32,25,26,29,21,21,21,32,23,24,25,22,22,22,32,21,22,23,23,23,23,32,19,20,21,24,24,24,32,16,18,19,25,25,25,32,31,0,16,26,26,26,32,23,25,29,27,27,27,32,29,31,16,28,28,28,32,16,19,21,29,29,29,32,21,23,29,30,30,30,32,16,21,29,31,31,31,33,32,0,31,33,32,32,32,32,33,0,32,34,1,33,33,33,33,33,1,34,35,2,34,34,34,34,33,2,35,33,31,35,35,35,35,32,35,36,37,36,36,36,32,38,39,40,37,37,37,32,33,35,37,38,38,38,32,38,40,41,37,37,37,32,33,37,38,39,39,39,32,54,34,32,40,40,40,32,53,54,32,41,41,41,32,38,41,42,37,37,37,32,42,43,44,42,42,42,32,44,45,46,37,37,37,32,46,47,48,36,36,36,32,48,49,50,37,37,37,32,48,50,51,37,37,37,32,44,46,48,36,36,36,32,38,42,44,37,37,37,32,52,53,32,43,43,43,32,44,48,51,36,36,36,32,51,52,32,44,44,44,32,33,38,44,45,45,45,32,51,32,33,46,46,46,32,33,44,51,47,47,47,32,34,54,55,48,48,48,32,34,55,56,48,48,48,32,36,35,34,37,37,37,32,62,63,36,37,37,37,32,61,62,36,37,37,37,32,34,56,57,48,48,48,32,34,57,58,48,48,48,32,61,36,34,37,37,37,32,60,61,34,37,37,37,32,34,58,59,48,48,48,32,34,59,60,48,48,48,33,12,11,56,55,49,49,49,49,33,13,12,55,54,50,50,50,50,33,11,10,57,56,51,51,51,51,33,14,13,54,53,52,52,52,52,33,10,9,58,57,53,53,53,53,33,15,14,53,52,54,54,54,54,33,9,8,59,58,55,55,55,55,33,16,15,52,51,56,56,56,56,33,8,7,60,59,57,57,57,57,33,17,16,51,50,58,58,58,58,33,7,6,61,60,59,59,59,59,33,18,17,50,49,60,60,60,60,33,6,5,62,61,61,61,61,61,33,19,18,49,48,62,62,62,62,33,5,4,63,62,63,63,63,63,33,20,19,48,47,64,64,64,64,33,4,3,36,63,65,65,65,65,33,21,20,47,46,66,66,66,66,33,3,30,37,36,67,67,67,67,33,22,21,46,45,68,68,68,68,33,30,29,38,37,69,69,69,69,33,23,22,45,44,70,70,70,70,33,29,28,39,38,71,71,71,71,33,24,23,44,43,72,72,72,72,33,28,27,40,39,73,73,73,73,33,25,24,43,42,74,74,74,74,33,27,26,41,40,75,75,75,75,33,26,25,42,41,76,76,76,76]
}