{
    "uvs":[],
    "normals":[-0,-1,0,-0,-1,0,-0,-1,0,-0,-1,0,0,-1,0,0,-1,0,0,-1,0,0,-1,0,0,-1,0,-0,-1,0,-0,-1,0,0,-1,0,0,-1,0,0,-1,0,0,-1,0,0,-1,0,-0,-1,0,0,-1,0,-0,-1,0,-0,-1,0,0,-1,0,-0,-1,0,-0,-1,0,-0,-1,0,0,-1,0,-0,-1,0,0,1,0,-0,1,0,-0,1,0,0,1,0,0,1,-0,0.999827,-0,-0.018613,0.980401,-0,-0.197012,0.983745,0,0.179572,0.934623,-0,-0.355639,0.920419,0,0.390934,0.867889,-0,-0.496759,0.801419,0,0.598103,0.782743,-0,-0.622346,0.631453,0,0.775414,-0.897785,0,0.440433,0.432313,0,0.901724,-0.937271,0,0.348602,0.232501,0,0.972596,-0.97016,0,0.242464,0.052683,0,0.998611,-0.993416,0,0.11456,1,0,0,-0.999093,-0,-0.042578,-0.707032,0,0.707181,-0.972571,-0,-0.232607,-0.707032,-0,-0.707181,-0.894595,-0,-0.446879,1,0,0,-0.754025,-0,-0.656846,-0.038075,-0,-0.999275,-0.565679,-0,-0.824626,-0.186046,-0,-0.982541,-0.365971,-0,-0.930626],
    "vertices":[0.211907,2e-06,-0.182629,0.235749,2e-06,-0.230356,0.248214,2e-06,-0.282477,0.25056,2e-06,-0.337526,0.244043,2e-06,-0.394041,0.229919,2e-06,-0.450555,0.209443,2e-06,-0.505606,0.183873,2e-06,-0.557728,0.245259,2e-06,-0.480522,0.292373,2e-06,-0.398209,0.324759,2e-06,-0.313099,0.34196,2e-06,-0.2275,0.343519,2e-06,-0.143722,0.328981,2e-06,-0.064074,0.297887,2e-06,0.009134,0.249781,2e-06,0.073593,0.184206,2e-06,0.126993,0.100706,2e-06,0.167025,-0.001177,2e-06,0.191381,-0.121899,2e-06,0.19775,-0.121899,2e-06,0.439666,-0.496001,2e-06,0.065643,-0.121899,2e-06,-0.30838,-0.121899,2e-06,-0.061151,-0.022337,2e-06,-0.064945,0.059569,2e-06,-0.080454,0.125074,2e-06,-0.106214,0.175435,2e-06,-0.14076,0.34196,1,-0.2275,0.324759,1,-0.313099,0.292373,1,-0.398209,0.245259,1,-0.480522,0.183873,1,-0.557728,0.209443,1,-0.505606,0.229919,1,-0.450555,0.244043,1,-0.394041,0.25056,1,-0.337526,0.248214,1,-0.282477,0.235749,1,-0.230356,0.211907,1,-0.182629,0.175435,1,-0.14076,0.125074,1,-0.106214,0.059569,1,-0.080454,-0.022337,1,-0.064945,-0.121899,1,-0.061151,-0.121899,1,-0.30838,-0.496001,1,0.065643,-0.121899,1,0.439666,-0.121899,1,0.197749,-0.001177,1,0.191381,0.100706,1,0.167025,0.184206,1,0.126993,0.249781,1,0.073593,0.297887,1,0.009134,0.328981,1,-0.064074,0.343519,1,-0.143722],
    "metadata":{
        "uvs":0,
        "normals":59,
        "faces":80,
        "generator":"io_three",
        "version":3,
        "vertices":56,
        "type":"Geometry"
    },
    "faces":[32,6,7,8,0,0,0,32,8,9,10,1,1,1,32,10,11,12,2,2,2,32,12,13,14,3,3,3,32,14,15,16,4,4,4,32,16,17,18,5,5,5,32,19,20,21,6,6,6,32,16,18,19,7,7,7,32,12,14,16,8,8,8,32,8,10,12,9,9,9,32,5,6,8,10,10,10,32,4,5,8,11,11,11,32,12,16,19,12,12,12,32,21,22,23,13,13,13,32,21,23,24,14,14,14,32,12,19,21,15,15,15,32,4,8,12,16,16,16,32,3,4,12,17,17,17,32,21,24,25,18,18,18,32,12,21,25,19,19,19,32,2,3,12,20,20,20,32,1,2,12,21,21,21,32,12,25,26,22,22,22,32,12,26,27,23,23,23,32,0,1,12,24,24,24,32,0,12,27,25,25,25,32,55,28,29,26,26,26,32,29,30,31,26,26,26,32,31,32,33,27,27,27,32,31,33,34,28,28,28,32,55,29,31,29,29,29,32,53,54,55,26,26,26,32,51,52,53,26,26,26,32,49,50,51,29,29,29,32,46,47,48,30,30,30,32,48,49,51,29,29,29,32,51,53,55,26,26,26,32,55,31,34,28,28,28,32,55,34,35,28,28,28,32,48,51,55,26,26,26,32,44,45,46,28,28,28,32,43,44,46,26,26,26,32,46,48,55,26,26,26,32,55,35,36,28,28,28,32,55,36,37,28,28,28,32,42,43,46,29,29,29,32,42,46,55,26,26,26,32,55,37,38,28,28,28,32,55,38,39,28,28,28,32,41,42,55,26,26,26,32,55,39,40,27,27,27,32,40,41,55,26,26,26,33,11,28,55,12,31,31,31,31,33,10,29,28,11,32,32,32,32,33,12,55,54,13,33,33,33,33,33,9,30,29,10,34,34,34,34,33,13,54,53,14,35,35,35,35,33,8,31,30,9,36,36,36,36,33,14,53,52,15,37,37,37,37,33,7,32,31,8,38,38,38,38,33,15,52,51,16,39,39,39,39,33,6,33,32,7,40,40,40,40,33,16,51,50,17,41,41,41,41,33,5,34,33,6,42,42,42,42,33,17,50,49,18,43,43,43,43,33,4,35,34,5,44,44,44,44,33,18,49,48,19,45,45,45,45,33,3,36,35,4,46,46,46,46,33,19,48,47,20,47,47,47,47,33,2,37,36,3,48,48,48,48,33,20,47,46,21,49,49,49,49,33,1,38,37,2,50,50,50,50,33,21,46,45,22,51,51,51,51,33,0,39,38,1,52,52,52,52,33,22,45,44,23,53,53,53,53,33,39,0,27,40,54,54,54,54,33,23,44,43,24,55,55,55,55,33,26,41,40,27,56,56,56,56,33,24,43,42,25,57,57,57,57,33,25,42,41,26,58,58,58,58]
}