{
    "metadata":{
        "generator":"io_three",
        "version":3,
        "vertices":34,
        "normals":54,
        "type":"Geometry",
        "faces":51,
        "uvs":0
    },
    "vertices":[1,2e-06,-1,1,2e-06,1,-1,2e-06,1,-1,2e-06,-1,0.899069,1,-0.899068,0.899068,1,0.899069,-0.899069,1,0.899068,-0.899068,1,-0.899069,-0.215563,2e-06,0.45,-0.215563,1,0.45,0.158609,2e-06,0.269868,0.158609,1,0.269868,-0.000993,2e-06,-0.24404,-0.000993,1,-0.24404,-0.104305,2e-06,0.090397,-0.104305,1,0.090397,-0.463907,2e-06,0.45,-0.463907,1,0.45,0.108278,2e-06,-0.514238,0.21781,2e-06,-0.21781,0.108278,1,-0.514238,0.10298,2e-06,0.090397,0.10298,1,0.090397,0.214901,2e-06,0.45,0.214901,1,0.45,0.46457,2e-06,0.45,0.46457,1,0.45,-0.159934,2e-06,0.269868,-0.159934,1,0.269868,-0.177885,2e-06,-0.329867,-0.424153,1,0.341607,-0.110265,2e-06,-0.514238,-0.110265,1,-0.514238,0.21781,1,-0.21781],
    "faces":[32,0,1,25,0,0,0,32,25,19,18,1,1,1,32,31,29,16,2,2,2,32,0,25,18,3,3,3,32,31,16,2,4,4,4,32,0,18,31,5,5,5,32,31,2,3,6,6,6,32,0,31,3,7,7,7,32,7,6,17,8,8,8,32,17,30,32,9,9,9,32,7,17,32,10,10,10,32,26,5,4,11,11,11,32,33,26,4,12,12,12,32,4,7,32,13,13,13,32,20,33,4,14,14,14,32,4,32,20,15,15,15,33,0,4,5,1,16,16,16,16,33,1,5,6,2,17,17,17,17,33,2,6,7,3,18,18,18,18,33,4,0,3,7,19,19,19,19,32,33,20,18,20,21,22,32,19,25,26,23,24,25,32,33,18,19,20,22,23,32,19,26,33,23,25,20,33,13,12,14,15,26,27,28,29,33,28,27,8,9,30,31,31,30,33,32,31,18,20,32,33,22,21,33,9,8,16,17,30,31,34,35,33,26,25,23,24,25,24,36,37,33,24,23,10,11,37,36,36,37,32,6,5,26,38,38,38,32,24,11,28,39,39,39,32,6,26,24,38,38,38,32,9,17,6,40,40,40,32,24,28,9,41,41,41,32,24,9,6,41,41,41,32,22,13,15,42,42,42,32,1,2,16,43,43,43,32,8,27,10,44,44,44,32,1,16,8,45,45,45,32,23,25,1,46,46,46,32,8,10,23,47,47,47,32,8,23,1,48,48,48,32,14,12,21,49,49,49,33,22,21,12,13,50,51,27,26,32,30,17,16,52,35,34,32,29,31,32,53,33,32,32,30,16,29,52,34,53,32,29,32,30,53,32,52,33,15,14,21,22,29,28,51,50,33,11,10,27,28,37,36,31,30],
    "uvs":[],
    "normals":[0,-1,0,-0.281241,-0.953994,0.10392,0.938191,-0.037423,0.344089,0,-1,0,-0,-1,0,0,-1,-0,-0,-1,0,0,-1,-0,-0,1,-0,0.923584,0.179595,0.338732,-0,1,-0,0,1,-0,0,1,-0,0,1,-0,0,1,0,0,1,-0,0.994945,0.100422,0,-0,0.100421,0.994945,-0.994945,0.100421,-0,0,0.100422,-0.994945,-0.663259,0.707083,0.245064,-0.457991,0.598254,0.657491,-0.457991,-0.598254,0.657491,-0.663259,-0.707083,0.245064,-0.274117,-0.942534,-0.190924,-0.274117,0.942534,-0.190924,-0.000732,0.542802,-0.839839,-0.000732,-0.542802,-0.839839,-0.664937,-0.563189,0.490524,-0.664937,0.563189,0.490524,-0.477248,0.594745,-0.64687,-0.477248,-0.594745,-0.64687,0.458846,0.598102,0.657033,0.458846,-0.598102,0.657033,0.274422,-0.942289,-0.191626,0.274422,0.942289,-0.191626,0.476058,-0.594958,-0.647542,0.476058,0.594958,-0.647542,0,1,-0,0,1,0,0,1,1e-06,-0,1,0,1e-06,1,0,-0,-1,0,0,-1,0,0,-1,-0,0,-1,0,0,-1,0,0,-1,0,0,-1,0,0.665426,0.563128,0.489944,0.665426,-0.563128,0.489944,0.663839,0.707083,0.243477,0.663839,-0.707083,0.243477]
}