{
    "faces":[32,1,2,3,0,0,0,32,4,5,6,1,1,1,32,1,3,4,2,2,2,32,12,13,0,3,3,3,32,10,11,12,4,4,4,32,8,9,10,5,5,5,32,4,6,7,6,6,6,32,7,8,10,7,7,7,32,10,12,0,8,8,8,32,1,4,7,2,2,2,32,7,10,0,9,9,9,32,0,1,7,10,10,10,32,24,0,13,11,11,11,32,14,15,16,6,6,6,32,24,13,14,12,12,12,32,22,23,3,13,13,13,32,21,22,3,14,14,14,32,24,14,16,15,15,15,32,24,16,17,16,16,16,32,21,3,2,17,17,17,32,18,19,20,18,18,18,32,20,21,2,17,17,17,32,2,24,17,19,19,19,32,18,20,2,20,20,20,32,17,18,2,21,21,21,33,0,25,26,1,22,22,22,22,33,1,26,27,2,23,23,23,23,33,28,29,4,3,24,25,26,27,33,5,4,29,30,28,26,25,29,33,31,32,10,9,30,25,26,31,33,11,10,32,33,32,26,25,33,33,25,0,24,34,34,34,34,34,33,35,36,15,14,35,35,36,36,33,37,38,17,16,37,38,39,40,33,38,39,18,17,38,41,42,39,33,39,40,19,18,41,41,42,42,33,41,28,3,23,43,24,27,44,33,2,27,34,24,45,45,45,45,32,25,42,43,46,46,46,32,43,33,32,47,47,47,32,32,31,44,48,48,48,32,32,44,45,49,49,49,32,25,43,32,50,50,50,32,28,27,26,47,47,47,32,46,30,29,48,48,48,32,29,28,26,48,48,48,32,26,25,32,51,51,51,32,45,46,29,6,6,6,32,26,32,45,48,48,48,32,45,29,26,48,48,48,32,42,25,34,52,52,52,32,28,41,47,48,48,48,32,28,47,48,48,48,48,32,35,42,34,53,53,53,32,38,37,36,6,6,6,32,36,35,34,53,53,53,32,27,28,48,54,54,54,32,49,40,39,49,49,49,32,27,48,49,54,54,54,32,38,36,34,53,53,53,32,27,49,39,54,54,54,32,39,38,34,55,55,55,32,34,27,39,56,56,56,33,42,35,14,13,35,35,36,36,33,36,37,16,15,35,37,40,36,33,6,5,30,46,57,28,29,58,33,46,45,7,6,58,59,60,57,33,45,44,8,7,59,61,62,60,33,44,31,9,8,61,30,31,62,33,47,41,23,22,63,43,44,64,33,48,47,22,21,25,63,64,26,33,49,48,21,20,41,25,26,42,33,20,19,40,49,42,42,41,41,33,12,43,42,13,65,66,35,36,33,12,11,33,43,65,32,33,66,33,50,51,52,53,67,67,67,67,33,54,55,51,50,25,41,42,26,33,55,56,52,51,41,68,69,42,33,56,55,54,57,48,48,48,48,33,57,54,50,53,70,25,26,71,33,53,52,56,57,71,69,68,70],
    "vertices":[1,2e-06,-1,1,2e-06,1,-1,2e-06,1,-0.119536,2e-06,0.45,0.112914,2e-06,0.45,0.112914,2e-06,0.34637,0.172185,2e-06,0.45,0.447682,2e-06,0.45,0.121854,2e-06,-0.087748,0.310571,2e-06,-0.334768,0.402318,2e-06,-0.334768,0.402318,2e-06,-0.454859,0.447682,2e-06,-0.514238,0.402318,2e-06,-0.514238,0.160265,2e-06,-0.514238,-0.128477,2e-06,-0.514238,-0.360927,2e-06,-0.514238,-0.403642,2e-06,-0.514238,-0.403642,2e-06,-0.334768,-0.360927,2e-06,-0.334768,-0.360927,2e-06,0.45,-0.128477,2e-06,0.45,-0.128477,2e-06,0.195695,-0.119536,2e-06,0.185886,-1,2e-06,-1,0.736035,1,-0.736035,0.736034,1,0.736035,-0.736035,1,0.736035,-0.119536,1,0.45,0.112914,1,0.45,0.112914,1,0.34637,0.310571,1,-0.334768,0.402318,1,-0.334768,0.402318,1,-0.454859,-0.736035,1,-0.736035,0.160265,1,-0.514238,-0.128477,1,-0.514238,-0.360927,1,-0.514238,-0.403642,1,-0.514238,-0.403642,1,-0.334768,-0.360927,1,-0.334768,-0.119536,1,0.185886,0.402318,1,-0.514238,0.447682,1,-0.514238,0.121854,1,-0.087748,0.447682,1,0.45,0.172185,1,0.45,-0.128477,1,0.195695,-0.128477,1,0.45,-0.360927,1,0.45,-0.128477,2e-06,-0.334768,-0.119536,2e-06,-0.334768,-0.119536,2e-06,-0.10263,-0.128477,2e-06,-0.089073,-0.128477,1,-0.334768,-0.119536,1,-0.334768,-0.119536,1,-0.10263,-0.128477,1,-0.089073],
    "metadata":{
        "version":3,
        "vertices":58,
        "uvs":0,
        "generator":"io_three",
        "faces":81,
        "type":"Geometry",
        "normals":72
    },
    "uvs":[],
    "normals":[-0,-1,0,0,-1,0,0,-1,0,0,-1,0,-0,-1,0,0,-1,0,0,0,0,0,-1,0,0,-1,0,-0,-1,0,0,-1,0,-0,-1,0,0,-1,0,0,-1,0,0,-1,0,0,-1,0,0,-1,0,0,-1,0,0,-1,0,-0,-1,0,-0,-1,0,0,-1,0,0.966882,0.255224,0,-0,0.255224,0.966882,0.301492,0.904508,-0.301492,-0.577349,0.577349,-0.577349,-0.577349,-0.577349,-0.577349,0.301492,-0.904508,-0.301492,-0.215949,-0.541337,-0.812586,-0.215949,0.541337,-0.812586,-0.34788,0.619617,-0.703574,-0.34788,-0.619617,-0.703574,-0.726585,-0.641591,-0.245766,-0.726585,0.641591,-0.245766,0,0.255224,-0.966882,0,0.707083,0.707083,0,-0.707083,0.707083,0,0.707053,0.707144,0.577349,0.577349,0.577349,0.577349,-0.577349,0.577349,0,-0.707053,0.707144,0.577349,0.577349,-0.577349,0.577349,-0.577349,-0.577349,0.302622,0.545762,-0.781335,0.302622,-0.545762,-0.781335,-0.966882,0.255223,-0,0,1,-0,0,1,0,-0,1,0,0,1,0,0,1,0,0,1,-0,0,1,-0,0,1,-0,0,1,-0,-0,1,0,-0,1,-0,0.397687,-0.609699,-0.685629,0.397687,0.609699,-0.685629,-0.725333,0.553972,-0.408612,-0.725333,-0.553972,-0.408612,-0.799127,0.599567,-0.043031,-0.799127,-0.599567,-0.043031,-0.72103,0.634114,-0.279275,-0.72103,-0.634114,-0.279275,-0.748283,-0.550554,0.369976,-0.748283,0.550554,0.369976,0,-1,0,0.729667,0.647755,0.21894,0.729667,-0.647755,0.21894,-0.241401,0.542436,0.804621,-0.241401,-0.542436,0.804621]
}