{
    "faces":[32,3,4,2,0,1,2,32,2,13,16,2,3,4,32,2,16,3,2,4,0,33,1,0,10,6,5,2,6,7,33,3,16,14,26,8,8,8,8,33,45,44,34,35,9,10,11,12,33,36,33,41,37,11,13,14,12,32,41,40,7,15,15,15,32,7,27,30,16,16,16,32,30,45,35,17,17,17,32,37,41,7,18,18,18,32,30,35,37,19,19,19,32,7,30,37,20,20,20,32,6,9,23,21,21,21,32,19,17,1,22,22,22,32,6,23,19,23,23,23,32,6,19,1,24,24,24,33,30,27,28,29,9,25,26,10,32,0,15,18,27,27,27,32,18,24,11,28,28,28,32,10,0,18,29,29,29,32,18,11,10,30,30,30,32,34,44,29,31,31,31,32,29,28,8,32,32,32,32,8,42,33,33,33,33,32,36,34,29,34,34,34,32,8,33,36,35,35,35,32,29,8,36,36,36,36,33,0,1,17,15,2,5,37,38,32,26,4,3,39,39,39,33,27,7,8,28,25,40,41,26,33,37,35,34,36,12,12,11,11,33,9,6,10,11,42,7,6,43,33,23,9,11,24,44,42,43,45,33,19,23,24,18,46,44,45,47,33,41,33,42,40,14,13,2,5,33,14,16,13,12,48,4,3,38,33,18,15,17,19,47,38,37,46,32,12,13,2,49,49,49,33,7,40,42,8,40,5,2,41,32,14,12,2,48,38,2,32,2,4,26,2,1,50,32,2,26,14,2,50,48,33,29,44,45,30,10,10,9,9],
    "vertices":[0.112914,2e-06,-0.334768,0.112914,1,-0.334768,0.402318,2e-06,-0.514238,0.402318,1,-0.490587,0.402318,1,-0.514238,-0.403642,2e-06,-0.514238,0.112914,1,0.346371,-0.360927,1,0.45,-0.360927,2e-06,0.45,0.172185,1,0.45,0.112914,2e-06,0.346371,0.172185,2e-06,0.45,0.447682,2e-06,-0.514238,0.402318,2e-06,-0.454859,0.447682,1,-0.514238,0.310571,2e-06,-0.334768,0.402318,1,-0.454859,0.310571,1,-0.334768,0.121854,2e-06,-0.087748,0.121854,1,-0.087748,0.160265,2e-06,-0.514238,0.160265,1,-0.514238,0.160265,0.30033,-0.514238,0.447682,1,0.45,0.447682,2e-06,0.45,0.198141,1,-0.514238,0.434475,1,-0.514238,-0.128477,1,0.45,-0.128477,2e-06,0.45,-0.128477,2e-06,0.195695,-0.128477,1,0.195695,-0.128477,2e-06,-0.514238,-0.128477,1,-0.514238,-0.128477,2e-06,-0.334768,-0.119536,2e-06,-0.10263,-0.119536,1,-0.10263,-0.128477,2e-06,-0.089073,-0.128477,1,-0.089073,-0.360927,2e-06,-0.514238,-0.360927,0.947001,-0.514238,-0.360927,1,-0.334768,-0.128477,1,-0.334768,-0.360927,2e-06,-0.334768,-0.330294,1,-0.514238,-0.119536,2e-06,0.185886,-0.119536,1,0.185886],
    "metadata":{
        "version":3,
        "vertices":46,
        "uvs":0,
        "generator":"io_three",
        "faces":44,
        "type":"Geometry",
        "normals":51
    },
    "uvs":[],
    "normals":[-0.707053,0.707114,0,-0.577349,0.577319,-0.577349,-0.577349,-0.577349,-0.577349,-0.268899,-0.543809,0.794916,-0.268899,0.543809,0.794916,-0.577349,0.577349,-0.577349,-0.731437,-0.653584,0.194372,-0.731437,0.653584,0.194372,-7e-06,1,-3e-06,0.72103,0.634114,0.279275,0.721,-0.634114,0.279275,0.241401,-0.542436,-0.804621,0.241401,0.542436,-0.804621,0.577349,-0.577349,-0.577349,0.577349,0.577349,-0.577349,0,1,-0,0,1,-0,0,1,-0,1e-06,1,0,-0,1,-0,1e-06,1,-0,0,1,-1e-06,0,1,-0,-0,1,0,-7e-06,1,0,0.577349,0.577349,0.577349,0.577349,-0.577349,0.577349,0,-1,0,0,-1,0,-2e-06,-1,0,-0,-1,0,3e-06,-1,0,0,-1,0,-0,-1,0,1e-06,-1,0,-0,-1,0,-0,-1,0,0.748283,0.550554,-0.369976,0.748283,-0.550554,-0.369976,-2e-06,1,-3e-06,-0.577349,0.577349,0.577349,-0.577349,-0.577349,0.577349,-0.397687,0.609699,0.685629,-0.397687,-0.609699,0.685629,0.725333,0.553972,0.408612,0.725333,-0.553972,0.408612,0.799127,0.599567,0.043031,0.799127,-0.599567,0.043031,0.748283,0.550584,-0.369976,2e-06,-1,0,0,0.707144,-0.707053]
}