{
    "faces":[32,5,0,1,0,0,0,32,1,2,3,1,1,1,32,3,4,5,2,2,2,32,1,3,5,3,3,3,33,1,0,6,7,4,5,6,7,33,2,1,7,8,8,4,7,9,33,9,10,5,4,10,11,12,13,32,6,10,9,14,14,14,32,11,8,7,15,15,15,32,6,9,11,15,15,15,32,11,7,6,15,15,15,33,11,3,2,8,10,13,8,9,33,3,11,9,4,13,10,10,13,33,0,5,10,6,5,12,11,6,33,12,13,14,15,16,16,16,16,33,13,12,16,17,17,18,19,20,33,17,16,18,19,21,21,21,21,33,19,14,13,17,10,13,17,20,33,18,15,14,19,11,12,13,10,33,15,18,16,12,12,11,19,18,32,24,20,21,22,22,22,32,21,22,23,23,23,23,32,21,23,24,24,24,24,33,25,26,21,20,25,26,27,28,33,22,21,26,27,29,27,26,30,32,29,27,26,15,15,15,32,26,25,28,15,15,15,32,26,28,29,15,15,15,33,29,23,22,27,20,17,29,30,33,28,24,23,29,10,13,17,20,33,24,28,25,20,13,10,25,28,32,30,31,32,31,31,31,33,33,34,31,30,32,33,34,35,32,34,33,35,15,15,15,33,35,32,31,34,20,17,34,33,33,32,35,33,30,17,20,32,35],
    "vertices":[0.160265,2e-06,-0.514238,-0.047682,2e-06,-0.211589,-0.119536,2e-06,-0.10263,-0.119536,2e-06,-0.334768,-0.128477,2e-06,-0.334768,-0.128477,2e-06,-0.514238,0.160265,1,-0.514238,-0.047682,1,-0.211589,-0.119536,1,-0.10263,-0.128477,1,-0.334768,-0.128477,1,-0.514238,-0.119536,1,-0.334768,-0.360927,2e-06,-0.514238,-0.360927,2e-06,-0.334768,-0.403642,2e-06,-0.334768,-0.403642,2e-06,-0.514238,-0.360927,1,-0.514238,-0.360927,1,-0.334768,-0.403642,1,-0.514238,-0.403642,1,-0.334768,-0.119536,2e-06,0.185886,-0.033113,2e-06,0.09106,0.112914,2e-06,0.34637,0.112914,2e-06,0.45,-0.119536,2e-06,0.45,-0.119536,1,0.185886,-0.033113,1,0.09106,0.112914,1,0.34637,-0.119536,1,0.45,0.112914,1,0.45,0.310571,2e-06,-0.334768,0.402318,2e-06,-0.454859,0.402318,2e-06,-0.334768,0.310571,1,-0.334768,0.402318,1,-0.454859,0.402318,1,-0.334768],
    "metadata":{
        "version":3,
        "vertices":36,
        "uvs":0,
        "generator":"io_three",
        "faces":36,
        "type":"Geometry",
        "normals":36
    },
    "uvs":[],
    "normals":[0,-1,0,-0,-1,0,0,-1,0,-0,-1,0,0.588336,-0.704947,0.396039,0.737815,-0.55211,-0.388256,0.737815,0.55211,-0.388256,0.588336,0.704947,0.396039,-0.241401,-0.542436,0.804621,-0.241401,0.542436,0.804621,-0.577349,0.577349,0.577349,-0.577349,0.577349,-0.577349,-0.577349,-0.577349,-0.577349,-0.577349,-0.577349,0.577349,-0,1,0,0,1,0,0,-1,0,0.577349,-0.577349,0.577349,0.577349,-0.577349,-0.577349,0.577349,0.577349,-0.577349,0.577349,0.577349,0.577349,-0,1,0,-0,-1,0,0,-1,0,0,-1,0,-0.721,0.634114,-0.279275,0.090548,0.56267,-0.82168,0.090548,-0.56267,-0.82168,-0.72103,-0.634114,-0.279275,0.731437,-0.653584,-0.194372,0.731437,0.653584,-0.194372,0,-1,0,-0.748283,0.550584,0.369976,0.268899,0.543809,-0.794916,0.268899,-0.543809,-0.794916,-0.748283,-0.550584,0.369976]
}