{
    "uvs":[],
    "normals":[-0,-1,0,0,-1,0,0,-1,0,0,-1,0,0,-1,0,0,-1,0,-0,-1,0,0,-1,0,-0,-1,0,0,-1,0,0,-1,0,0,-1,0,0,-1,0,0,-1,0,0,-1,0,-0,-1,0,0,-1,0,-0,-1,0,0,-1,0,0,-1,0,-0,-1,0,0,-1,0,0,-1,0,-0,-1,0,0,-1,0,0,-1,0,-0,-1,0,0,-1,0,0,-1,0,-0,-1,0,0,-1,0,0,-1,0,0,-1,0,0,-1,0,0,-1,0,0,-1,0,0,-1,0,-0,-1,0,0,-1,0,0,-1,0,-0,-1,0,-0,-1,0,0,-1,0,-0,-1,0,0,-1,0,-0,-1,0,-0,-1,0,0,-1,0,0,-1,0,-0,-1,0,0,-1,0,0,-1,0,0,-1,0,0,-1,0,0,-1,0,0,-1,0,-0,-1,0,0,-1,0,0,-1,0,-0,-1,0,0,-1,0,0,-1,0,0,-1,0,0,-1,0,-0,-1,0,-0,-1,0,-0,-1,0,0,-1,0,-0,-1,0,-0,-1,0,-0,-1,0,0,1,0,0,1,0,-0,1,0,0,1,-0,-0,1,0,-0.899032,-0,-0.437884,-0.949215,-0,-0.314629,-0.826448,-0,-0.563012,-0.976815,-0,-0.214085,-0.75895,-0,-0.651149,-0.994924,-0,-0.100626,-0.638675,-0,-0.769477,-0.999887,0,0.015007,-0.518713,-0,-0.854948,-0.990424,0,0.138059,-0.422675,-0,-0.906281,-0.962514,0,0.271232,-0.334845,-0,-0.942273,-0.913149,0,0.407625,-0.222606,-0,-0.974908,-0.84271,0,0.538367,-0.081137,-0,-0.996703,-0.755616,0,0.655015,0.041494,-0,-0.999139,-0.614025,0,0.789287,0.130799,-0,-0.991409,-0.497729,0,0.867333,0.234509,-0,-0.972114,-0.401915,0,0.915677,0.352157,-0,-0.935941,-0.315896,0,0.948794,0.48005,-0,-0.877241,-0.208098,0,0.978108,0.610492,-0,-0.792022,-0.075165,0,0.997171,0.732429,-0,-0.680843,0.046943,0,0.998898,0.834811,-0,-0.550537,0.14956,0,0.988753,0.911009,-0,-0.412386,0.267429,0,0.963578,0.960623,-0,-0.277854,0.397785,0,0.917479,0.987922,-0,-0.154953,0.533793,0,0.845615,0.999997,-0,-0.002277,0.66476,0,0.747057,0,-0,-1,0.779046,0,0.626967,-0.112796,-0,-0.993618,0.868522,0,0.495651,0.001139,-0,-0.999999,0.931149,0,0.36464,0.109634,-0,-0.993972,0.970105,0,0.242685,0.196557,-0,-0.980492,0.990926,0,0.134412,0.297866,-0,-0.954608,0.999997,0,0.002502,0.412979,-0,-0.910741,0.000373,0,1,0.53814,-0,-0.842855,0.165147,0,0.986269,0.665195,-0,-0.746669,0.26978,0,0.962922,0.782241,-0,-0.622976,0.376039,0,0.926604,0.877453,-0,-0.479663,0.48512,0,0.874447,0.94407,-0,-0.329744,0.595591,0,0.803288,0.98254,-0,-0.186054,0.703203,0,0.71099,1,-0,-0.000484,0.801542,0,0.597939,0.981594,0,0.19098,0.88358,0,0.46828,0.944113,0,0.329621],
    "vertices":[-0.559936,2e-06,0.01419,-0.560011,2e-06,0.009222,-0.559469,2e-06,0.003861,-0.558362,2e-06,-0.001186,-0.5568,2e-06,-0.005898,-0.552744,2e-06,-0.014227,-0.548167,2e-06,-0.020946,-0.543937,2e-06,-0.025876,-0.140905,2e-06,-0.360398,-0.13267,2e-06,-0.365394,-0.128246,2e-06,-0.367457,-0.123692,2e-06,-0.369075,-0.119065,2e-06,-0.370132,-0.114422,2e-06,-0.37051,-0.112095,2e-06,-0.370413,-0.109408,2e-06,-0.370059,-0.10647,2e-06,-0.36935,-0.103387,2e-06,-0.36819,-0.100265,2e-06,-0.366482,-0.097213,2e-06,-0.364129,-0.094337,2e-06,-0.361035,-0.091744,2e-06,-0.357102,-0.08954,2e-06,-0.352235,-0.087834,2e-06,-0.346336,-0.086732,2e-06,-0.339309,-0.086341,2e-06,-0.167463,0.455088,2e-06,-0.167463,0.458745,2e-06,-0.167878,0.463075,2e-06,-0.167873,0.465997,2e-06,-0.167551,0.469576,2e-06,-0.166833,0.473613,2e-06,-0.165573,0.477913,2e-06,-0.163624,0.482277,2e-06,-0.160837,0.486511,2e-06,-0.157066,0.490416,2e-06,-0.152162,0.493795,2e-06,-0.14598,0.496453,2e-06,-0.13837,0.498192,2e-06,-0.129187,0.498323,2e-06,0.141297,0.496929,2e-06,0.148461,0.494761,2e-06,0.154672,0.491943,2e-06,0.15999,0.488601,2e-06,0.164469,0.484862,2e-06,0.168167,0.480852,2e-06,0.17114,0.476696,2e-06,0.173446,0.472521,2e-06,0.17514,0.468451,2e-06,0.17628,0.464614,2e-06,0.176923,-0.074941,2e-06,0.177124,-0.075341,2e-06,0.336804,-0.076475,2e-06,0.345163,-0.078246,2e-06,0.352243,-0.080557,2e-06,0.358143,-0.08331,2e-06,0.362967,-0.086408,2e-06,0.366817,-0.089754,2e-06,0.369795,-0.09325,2e-06,0.372002,-0.0968,2e-06,0.373541,-0.100305,2e-06,0.374514,-0.103669,2e-06,0.375022,-0.106794,2e-06,0.375169,-0.111555,2e-06,0.37481,-0.116259,2e-06,0.37381,-0.120853,2e-06,0.37228,-0.125285,2e-06,0.370335,-0.133447,2e-06,0.365651,-0.544234,2e-06,0.04608,-0.550204,2e-06,0.039192,-0.554524,2e-06,0.03243,-0.557429,2e-06,0.025923,-0.559154,2e-06,0.0198,-0.116259,1,0.37381,-0.111555,1,0.37481,-0.106794,1,0.375169,-0.103669,1,0.375022,-0.100305,1,0.374514,-0.0968,1,0.373541,-0.09325,1,0.372002,-0.089754,1,0.369795,-0.086408,1,0.366817,-0.08331,1,0.362967,-0.080557,1,0.358143,-0.078246,1,0.352243,-0.076475,1,0.345163,-0.075341,1,0.336804,-0.074941,1,0.177124,0.464614,1,0.176923,0.468451,1,0.17628,0.472521,1,0.17514,0.476696,1,0.173446,0.480852,1,0.17114,0.484862,1,0.168167,0.488601,1,0.164469,0.491943,1,0.15999,0.494761,1,0.154672,0.496929,1,0.14846,0.498323,1,0.141297,0.498192,1,-0.129187,0.496453,1,-0.13837,0.493795,1,-0.14598,0.490416,1,-0.152162,0.486511,1,-0.157066,0.482277,1,-0.160837,0.477913,1,-0.163624,0.473613,1,-0.165573,0.469576,1,-0.166833,0.465997,1,-0.167551,0.463075,1,-0.167873,0.458745,1,-0.167878,0.455088,1,-0.167463,-0.086341,1,-0.167463,-0.086732,1,-0.339309,-0.087834,1,-0.346336,-0.08954,1,-0.352235,-0.091744,1,-0.357102,-0.094337,1,-0.361035,-0.097213,1,-0.364129,-0.100265,1,-0.366482,-0.103387,1,-0.36819,-0.10647,1,-0.36935,-0.109408,1,-0.370059,-0.112095,1,-0.370413,-0.114422,1,-0.37051,-0.119065,1,-0.370132,-0.123692,1,-0.369075,-0.128246,1,-0.367457,-0.13267,1,-0.365394,-0.140905,1,-0.360398,-0.543937,1,-0.025876,-0.548167,1,-0.020946,-0.552744,1,-0.014227,-0.5568,1,-0.005898,-0.558362,1,-0.001186,-0.559469,1,0.003861,-0.560011,1,0.009222,-0.559936,1,0.01419,-0.559154,1,0.0198,-0.557429,1,0.025923,-0.554524,1,0.03243,-0.550204,1,0.039192,-0.544234,1,0.04608,-0.133447,1,0.365651,-0.125285,1,0.370335,-0.120853,1,0.37228],
    "metadata":{
        "uvs":0,
        "normals":149,
        "faces":215,
        "generator":"io_three",
        "version":3,
        "vertices":146,
        "type":"Geometry"
    },