{
    "faces":[32,1,2,3,0,0,0,32,1,3,4,1,1,1,32,5,6,0,2,2,2,32,1,4,5,3,3,3,32,0,1,5,4,4,4,32,10,0,6,5,5,5,32,10,6,7,6,6,6,32,3,2,10,7,7,7,32,8,9,3,8,8,8,32,10,7,8,9,9,9,32,8,3,10,10,10,10,33,11,0,10,12,11,11,11,11,33,0,11,13,1,12,12,12,12,33,1,13,14,2,13,13,13,13,33,2,14,12,10,14,14,14,14,32,19,11,12,15,15,15,32,12,14,15,16,16,16,32,15,16,17,17,17,17,32,18,19,12,18,18,18,32,12,15,17,19,19,19,32,12,17,18,20,20,20,32,11,19,20,21,21,21,32,21,15,14,17,17,17,32,11,20,21,22,22,22,32,21,14,13,23,23,23,32,11,21,13,24,24,24,33,21,20,5,4,25,26,27,28,33,15,21,4,3,29,25,28,30,33,20,19,6,5,26,31,32,27,33,16,15,3,9,33,29,30,34,33,19,18,7,6,31,35,36,32,33,17,16,9,8,33,33,34,34,33,18,17,8,7,35,33,34,36],
    "vertices":[1,2.25318e-06,-1,1,2.3406e-06,1,-1,2.3406e-06,1,-0.0629139,2.31656e-06,0.45,0.160927,2.31656e-06,0.45,0.160927,2.27441e-06,-0.514238,0.140397,2.27441e-06,-0.514238,-0.282781,2.28081e-06,-0.367881,-0.282781,2.28822e-06,-0.198344,-0.0629139,2.28541e-06,-0.262583,-1,2.25318e-06,-1,0.736035,1,-0.736035,-0.736035,1,-0.736035,0.736034,1,0.736035,-0.736035,1,0.736035,-0.0629139,1,0.45,-0.0629139,1,-0.262583,-0.282781,1,-0.198344,-0.282781,1,-0.367881,0.140397,1,-0.514238,0.160927,1,-0.514238,0.160927,1,0.45],
    "metadata":{
        "version":3,
        "vertices":22,
        "uvs":0,
        "generator":"io_three",
        "faces":33,
        "type":"Geometry",
        "normals":37
    },
    "uvs":[],
    "normals":[-3.9e-15,-1,4.37116e-08,0,-1,4.37116e-08,0,-1,4.37113e-08,7.25e-14,-1,4.37114e-08,6.77e-14,-1,4.37115e-08,-9.1e-15,-1,4.37113e-08,-1.723e-13,-1,4.37117e-08,-7.2e-14,-1,4.37114e-08,4.889e-13,-1,4.37113e-08,6.903e-13,-1,4.37107e-08,-1.969e-13,-1,4.37115e-08,2.32378e-07,0.255224,-0.966882,0.966882,0.255224,2.40677e-07,-2.65574e-07,0.255224,0.966882,-0.966882,0.255223,-2.24078e-07,7.62e-14,1,-2.68736e-07,-1.72059e-08,1,-4.04904e-08,-0,1,0,-3.92721e-08,1,-1.13551e-07,-2.20016e-07,1,7.4612e-08,-1.31504e-07,1,0,0,1,-2.68736e-07,1.03641e-07,1,0,0,1,0,2.01383e-08,1,-4.04903e-08,-0.577349,0.577349,-0.577349,-0.577349,0.577349,0.577349,-0.577349,-0.577349,0.577349,-0.577349,-0.577349,-0.577349,0.301492,0.904508,-0.301492,0.301492,-0.904508,-0.301492,0.110263,0.746361,0.656301,0.110263,-0.746361,0.656301,0.495346,0.563829,-0.660787,0.495346,-0.563829,-0.660787,0.653462,0.596881,0.465438,0.653462,-0.596881,0.465438]
}