{
    "faces":[32,0,1,68,0,0,0,32,68,30,28,1,1,1,32,68,28,16,2,2,2,32,14,38,3,3,3,3,32,10,14,3,4,4,4,32,0,68,16,5,5,5,32,0,16,52,6,6,6,32,50,10,3,7,7,7,32,44,50,3,8,8,8,32,0,52,48,9,9,9,32,0,48,56,10,10,10,32,44,3,0,11,11,11,32,22,44,0,12,12,12,32,0,56,58,13,13,13,32,42,22,0,14,14,14,32,0,58,42,15,15,15,32,7,39,15,16,16,16,32,7,15,11,16,16,16,32,70,5,4,17,17,17,32,29,31,69,18,18,18,32,69,70,4,19,19,19,32,7,11,51,18,18,18,32,7,51,45,18,18,18,32,29,69,4,18,18,18,32,17,29,4,18,18,18,32,4,7,45,20,20,20,32,4,45,23,18,18,18,32,53,17,4,18,18,18,32,49,53,4,18,18,18,32,4,23,43,18,18,18,32,4,43,59,18,18,18,32,57,49,4,18,18,18,32,4,59,57,18,18,18,33,0,4,5,1,21,21,21,21,33,1,5,6,2,22,22,22,22,33,2,6,7,3,23,23,23,23,33,4,0,3,7,24,24,24,24,33,45,44,22,23,25,26,27,28,32,5,70,67,29,29,29,32,5,67,63,30,30,30,32,39,7,6,31,31,31,32,27,25,47,18,18,18,32,47,39,6,32,32,32,32,6,5,63,33,33,33,32,61,19,37,18,18,18,32,6,63,61,34,34,34,32,33,27,47,18,18,18,32,47,6,61,35,35,35,32,61,37,55,18,18,18,32,55,65,41,18,18,18,32,41,35,13,18,18,18,32,13,9,21,20,20,20,32,21,33,47,18,18,18,32,47,61,55,18,18,18,32,55,41,13,18,18,18,32,13,21,47,18,18,18,32,55,13,47,20,20,20,32,2,3,38,36,36,36,32,46,24,26,37,37,37,32,2,38,46,38,38,38,32,66,68,1,39,39,39,32,62,66,1,40,40,40,32,46,26,32,41,41,41,32,32,20,8,42,42,42,32,8,12,34,43,43,43,32,34,40,64,44,44,44,32,64,54,36,45,45,45,32,36,18,60,46,46,46,32,62,1,2,47,47,47,32,64,36,60,48,48,48,32,60,62,2,49,49,49,32,46,32,8,50,50,50,32,60,2,46,51,51,51,32,34,64,60,52,52,52,32,46,8,34,53,53,53,32,46,34,60,54,54,54,33,25,24,46,47,55,56,57,58,33,13,12,8,9,59,60,61,62,33,35,34,12,13,63,64,60,59,33,33,32,26,27,65,66,67,68,33,21,20,32,33,69,70,66,65,33,63,62,60,61,71,72,73,74,33,31,30,68,69,75,76,77,78,33,47,46,38,39,58,57,79,80,33,57,56,48,49,81,82,83,84,33,19,18,36,37,85,86,87,88,33,53,52,16,17,89,90,91,92,33,67,66,62,63,93,94,72,71,33,55,54,64,65,95,96,97,98,32,70,69,68,99,78,77,32,68,66,67,77,94,93,32,68,67,70,77,93,99,33,39,38,14,15,80,79,100,101,33,43,42,58,59,102,103,104,105,33,37,36,54,55,88,87,96,95,33,51,50,44,45,106,107,26,25,33,41,40,34,35,108,109,64,63,33,61,60,18,19,74,73,86,85,33,17,16,28,29,92,91,110,111,33,23,22,42,43,28,27,103,102,33,9,8,20,21,62,61,70,69,33,29,28,30,31,111,110,76,75,33,65,64,40,41,98,97,109,108,33,49,48,52,53,84,83,90,89,33,27,26,24,25,68,67,56,55,33,15,14,10,11,101,100,112,113,33,59,58,56,57,105,104,82,81,33,11,10,50,51,113,112,107,106],
    "vertices":[1,2.25318e-06,-1,1,2.3406e-06,1,-1,2.3406e-06,1,-1,2.25318e-06,-1,0.736035,1,-0.736035,0.736034,1,0.736035,-0.736035,1,0.736035,-0.736035,1,-0.736035,-0.0152318,2.23452e-06,-0.35596,-0.0152318,1,-0.35596,-0.266317,2.23149e-06,-0.425159,-0.266317,1,-0.425159,0.0164827,2.23467e-06,-0.352355,0.0164827,1,-0.352355,-0.328684,2.23566e-06,-0.329781,-0.328684,1,-0.329781,0.312877,2.28555e-06,-0.211038,0.312877,1,-0.211038,0.0398087,2.24559e-06,-0.102539,0.0398087,1,-0.102539,-0.0470934,2.23473e-06,-0.351141,-0.0470934,1,-0.351141,0.0401674,2.22708e-06,-0.526141,0.0401674,1,-0.526141,-0.115673,2.23778e-06,-0.281273,-0.115673,1,-0.281273,-0.0980133,2.23641e-06,-0.312583,-0.0980133,1,-0.312583,0.2773,2.29036e-06,-0.101177,0.2773,1,-0.101177,-0.0403973,2.30692e-06,0.277815,-0.0403973,1,0.277815,-0.0746873,2.23536e-06,-0.336681,-0.0746873,1,-0.336681,0.042752,2.23515e-06,-0.341538,0.042752,1,-0.341538,0.0779985,2.24257e-06,-0.171634,0.0779985,1,-0.171634,-0.353642,2.24115e-06,-0.204305,-0.353642,1,-0.204305,0.0635762,2.23593e-06,-0.32351,0.0635762,1,-0.32351,0.128394,2.22778e-06,-0.510099,0.128394,1,-0.5101,-0.102649,2.22745e-06,-0.51755,-0.102649,1,-0.51755,-0.129801,2.24115e-06,-0.204305,-0.129801,1,-0.204305,0.294123,2.23399e-06,-0.368046,0.294123,1,-0.368046,-0.198988,2.22916e-06,-0.47847,-0.198988,1,-0.47847,0.312886,2.28202e-06,-0.291961,0.312886,1,-0.291961,0.0907285,2.24007e-06,-0.228808,0.0907285,1,-0.228808,0.256595,2.23127e-06,-0.430151,0.256595,1,-0.430151,0.200653,2.22918e-06,-0.478017,0.200653,1,-0.478017,-0.333775,2.26338e-06,0.304305,-0.333775,1,0.304305,-0.333775,2.31445e-06,0.45,-0.333775,1,0.45,0.0786608,2.23702e-06,-0.298565,0.0786608,1,-0.298565,0.339073,2.31445e-06,0.45,0.339073,1,0.45,0.339073,2.30692e-06,0.277815,0.339073,1,0.277815,0.339073,1,0.300506],
    "metadata":{
        "version":3,
        "vertices":71,
        "uvs":0,
        "generator":"io_three",
        "faces":108,
        "type":"Geometry",
        "normals":114
    },
    "uvs":[],
    "normals":[3.19819e-09,-1,4.37115e-08,0,-1,4.37113e-08,-8.76e-14,-1,4.37113e-08,-5.8186e-08,-1,3.21391e-08,-4.21943e-08,-1,1.61212e-08,2.89764e-09,-1,4.3556e-08,3.07606e-09,-1,4.37114e-08,-3.20724e-08,-1,3.20241e-09,-2.24363e-08,-1,-1.15976e-08,4.85209e-07,-1,5.11595e-07,4.304e-08,-1,1.77029e-08,1.11e-14,-1,-5.33287e-08,-6.76852e-09,-1,-6.87983e-08,3.32178e-08,-1,4.88921e-09,1.31288e-08,-1,-2.8495e-08,2.37054e-08,-1,-9.67776e-09,0,1,0,4.44243e-08,1,-4.04903e-08,0,1,0,-6.70886e-06,1,-2.62679e-06,-0,1,0,0.966882,0.255224,2.40677e-07,-2.65574e-07,0.255224,0.966882,-0.966882,0.255223,-2.24078e-07,2.32378e-07,0.255224,-0.966882,0.163488,0.672384,0.721885,0.163488,-0.672384,0.721885,-0.0437941,-0.681112,0.730827,-0.0437941,0.681112,0.730827,-4.37446e-07,1,3.98708e-07,0,1,-2.08382e-07,5.63033e-08,1,-4.04904e-08,0,1,-6.33863e-08,1.097e-13,1,-2.08382e-07,1.48174e-07,1,-0,2.60148e-07,1,1.0433e-07,-7.24321e-08,-1,4.37114e-08,4.6314e-12,-1,4.37129e-08,0,-1,8.25862e-08,3.19789e-09,-1,4.37117e-08,0,-1,4.75546e-08,-2.2635e-12,-1,4.37109e-08,6.7455e-12,-1,4.3729e-08,-3.75e-14,-1,4.37017e-08,1.35478e-11,-1,4.36985e-08,9.4016e-12,-1,4.37116e-08,-1.9772e-12,-1,4.37099e-08,-4.3e-15,-1,4.75546e-08,-5.13e-14,-1,4.37115e-08,2.50128e-07,-1,3.5054e-07,1.3668e-12,-1,4.37124e-08,-1.20906e-07,-1,-4.77698e-09,-1.1392e-12,-1,4.37108e-08,-2.0546e-12,-1,4.37098e-08,-1.4488e-12,-1,4.37106e-08,-0.696493,0.671712,-0.252297,-0.696493,-0.671712,-0.252297,-0.51796,-0.587481,-0.621693,-0.51796,0.587481,-0.621693,0.183355,0.677267,-0.712485,0.183355,-0.677267,-0.712485,-0.0135502,-0.678701,-0.734275,-0.0135502,0.678701,-0.734275,0.388073,0.672628,-0.630024,0.388073,-0.672628,-0.630024,-0.442976,0.673025,-0.592242,-0.442976,-0.673025,-0.592242,-0.587878,-0.679495,-0.438917,-0.587878,0.679495,-0.438917,-0.230506,0.671682,-0.704062,-0.230506,-0.671682,-0.704062,0.577349,0.577349,-0.577349,0.577349,-0.577349,-0.577349,0.720725,-0.633808,0.280709,0.720725,0.633808,0.280709,-0.757256,0.549242,0.353343,-0.757256,-0.549242,0.353343,-0.415998,-0.808588,0.415998,-0.577349,0.577349,0.577349,0.415021,-0.843623,-0.340587,0.426344,0.834132,-0.349895,-0.564135,0.672994,0.478347,-0.564135,-0.672994,0.478347,-0.681814,-0.674764,0.282388,-0.681814,0.674764,0.282388,0.594073,0.681326,0.427564,0.594073,-0.681326,0.427564,0.688772,-0.676382,0.260811,0.688772,0.676382,0.260811,-0.726981,0.680929,0.0882595,-0.726981,-0.680929,0.0882595,-0.730003,-0.673635,-0.115299,-0.730003,0.673635,-0.115299,-0.577349,0.577349,-0.577349,-0.577349,-0.577349,-0.577349,0.745781,0.665944,0.0177923,0.745781,-0.665944,0.0177923,0.697317,-0.667684,-0.260537,0.697317,0.667684,-0.260537,-0.707053,0.707144,0,0.689993,-0.666677,0.281777,0.689993,0.666677,0.281777,-0.215491,0.681326,0.699515,-0.215491,-0.681326,0.699515,-0.39317,-0.675985,0.623218,-0.39317,0.675985,0.623218,0.370678,0.676534,0.63625,0.370678,-0.676534,0.63625,0.564989,0.673605,-0.476424,0.564989,-0.673605,-0.476424,-0.652272,-0.666524,-0.360912,-0.652272,0.666524,-0.360912,0.546312,-0.672719,0.498917,0.546312,0.672719,0.498917]
}