{
    "faces":[32,1,2,3,0,0,0,32,3,4,5,1,1,1,32,6,7,8,2,2,2,32,1,3,5,3,3,3,32,1,5,6,4,4,4,32,8,9,0,5,5,5,32,1,6,8,6,6,6,32,0,1,8,7,7,7,32,2,1,10,8,8,8,32,9,8,11,9,9,9,32,11,12,13,10,10,10,32,14,15,2,1,1,1,32,9,11,13,11,11,11,32,14,2,10,12,12,12,32,9,13,14,13,13,13,32,10,9,14,14,14,14,33,16,0,9,17,15,15,15,15,33,0,16,18,1,16,16,16,16,33,1,18,19,10,17,17,17,17,33,10,19,17,9,18,18,18,18,32,19,18,20,19,19,19,32,20,21,22,20,20,20,32,23,24,25,19,19,19,32,19,20,22,19,19,19,32,19,22,23,21,21,21,32,25,26,17,22,22,22,32,17,19,23,23,23,23,32,23,25,17,24,24,24,32,16,17,26,25,25,25,32,26,27,28,20,20,20,32,29,30,31,26,26,26,32,16,26,28,27,27,27,32,16,28,29,28,28,28,32,31,20,18,26,26,26,32,18,16,29,29,29,29,32,29,31,18,20,20,20,33,27,26,8,7,30,31,32,33,33,28,27,7,6,30,30,33,33,33,26,25,11,8,31,34,35,32,33,29,28,6,5,36,30,33,37,33,25,24,12,11,34,38,39,35,33,30,29,5,4,36,36,37,37,33,24,23,13,12,38,40,41,39,33,31,30,4,3,36,36,37,37,33,23,22,14,13,40,42,43,41,33,20,31,3,2,44,36,37,45,33,22,21,15,14,42,46,47,43,33,21,20,2,15,46,44,45,47,33,32,33,34,35,48,48,48,48,33,36,37,38,39,20,20,20,20,33,38,37,32,35,49,50,51,52,33,39,38,35,34,34,49,52,35,33,37,36,33,32,50,53,54,51,33,36,39,34,33,53,34,35,54],
    "vertices":[1,2.25318e-06,-1,1,2.3406e-06,1,0.0324503,2.31656e-06,0.45,0.255629,2.31656e-06,0.45,0.255629,2.30762e-06,0.245364,0.353642,2.30762e-06,0.245364,0.353642,2.30009e-06,0.0731788,0.255629,2.30009e-06,0.0731788,0.255629,2.27441e-06,-0.514238,-1,2.25318e-06,-1,-1,2.3406e-06,1,0.0324503,2.27441e-06,-0.514238,0.0324503,2.2745e-06,-0.512252,-0.353642,2.30165e-06,0.10894,-0.340397,2.30762e-06,0.245364,0.0324503,2.30762e-06,0.245364,0.736035,1,-0.736035,-0.736035,1,-0.736035,0.736034,1,0.736035,-0.736035,1,0.736035,0.0324503,1,0.45,0.0324503,1,0.245364,-0.340397,1,0.245364,-0.353642,1,0.10894,0.0324503,1,-0.512252,0.0324503,1,-0.514238,0.255629,1,-0.514238,0.255629,1,0.0731788,0.353642,1,0.0731788,0.353642,1,0.245364,0.255629,1,0.245364,0.255629,1,0.45,0.0185431,2.28811e-06,-0.200993,0.0324503,2.28712e-06,-0.22351,0.0324503,2.30009e-06,0.0731788,-0.14106,2.30009e-06,0.0731788,0.0324503,1,-0.22351,0.0185431,1,-0.200993,-0.14106,1,0.0731788,0.0324503,1,0.0731788],
    "metadata":{
        "version":3,
        "vertices":40,
        "uvs":0,
        "generator":"io_three",
        "faces":54,
        "type":"Geometry",
        "normals":55
    },
    "uvs":[],
    "normals":[0,-1,4.37116e-08,0,-1,4.37112e-08,0,-1,4.37114e-08,1.809e-13,-1,4.37113e-08,-3.033e-13,-1,4.37117e-08,-9.1e-15,-1,4.37113e-08,1.353e-13,-1,4.37114e-08,7.64e-14,-1,4.37115e-08,-3.9e-15,-1,4.37116e-08,0,-1,4.37113e-08,1.08643e-11,-1,4.37182e-08,-5.13e-14,-1,4.37114e-08,-9.17e-14,-1,4.37114e-08,-7.795e-13,-1,4.37118e-08,-3.23e-14,-1,4.37114e-08,2.32378e-07,0.255224,-0.966882,0.966882,0.255224,2.40677e-07,-2.65574e-07,0.255224,0.966882,-0.966882,0.255223,-2.24078e-07,0,1,-0,0,1,0,0,1,-0,0,1,-2.68736e-07,-6.64011e-08,1,-4.04904e-08,-6.5796e-08,1,-4.07642e-08,7.62e-14,1,-2.68736e-07,-0,1,0,1.15197e-07,1,-1.92212e-08,1.55873e-07,1,0,5.19557e-08,1,-4.04903e-08,-0.577349,0.577349,0.577349,-0.524216,0.671072,0.524216,-0.490219,-0.720634,0.490219,-0.577349,-0.577349,0.577349,0.577349,0.577349,0.577349,0.577349,-0.577349,0.577349,-0.577349,0.577349,-0.577349,-0.577349,-0.577349,-0.577349,0.730552,0.650227,0.208533,0.730552,-0.650227,0.208533,0.74694,0.64153,0.174596,0.74694,-0.64153,0.174596,0.54622,0.582598,-0.601825,0.54622,-0.582598,-0.601825,0.486496,0.725669,-0.486496,0.458846,-0.760826,-0.458846,0.577349,0.577349,-0.577349,0.577349,-0.577349,-0.577349,-3.866e-13,-1,4.37113e-08,-0.721366,0.554552,0.414777,-0.608905,0.704154,-0.365184,-0.608905,-0.704154,-0.365184,-0.721366,-0.554552,0.414777,0.22953,0.541917,-0.808466,0.22953,-0.541917,-0.808466]
}