{
    "faces":[32,6,0,1,0,0,0,32,1,2,3,1,1,1,32,1,3,4,2,2,2,32,5,6,1,3,3,3,32,1,4,5,4,4,4,32,10,0,6,5,5,5,32,10,6,7,6,6,6,32,3,2,10,7,7,7,32,8,9,3,8,8,8,32,10,7,8,9,9,9,32,8,3,10,10,10,10,33,11,0,10,12,11,11,11,11,33,0,11,13,1,12,12,12,12,33,1,13,14,2,13,13,13,13,33,2,14,12,10,14,14,14,14,32,19,11,12,15,15,15,32,12,14,15,16,16,16,32,15,16,17,17,17,17,32,18,19,12,18,18,18,32,12,15,17,19,19,19,32,12,17,18,20,20,20,32,13,11,19,21,21,21,32,13,19,20,22,22,22,32,15,14,13,23,23,23,32,13,20,21,22,22,22,32,21,15,13,22,22,22,33,20,19,6,5,24,25,26,27,33,21,20,5,4,28,24,27,29,33,19,18,7,6,25,30,31,26,33,15,21,4,3,32,28,29,33,33,18,17,8,7,30,34,35,31,33,16,15,3,9,36,32,33,37,33,17,16,9,8,34,36,37,35],
    "vertices":[1,2.25318e-06,-1,1,2.3406e-06,1,-1,2.3406e-06,1,-0.259603,2.31656e-06,0.45,-0.0238411,2.31656e-06,0.45,0.336424,2.27963e-06,-0.395033,0.336424,2.27441e-06,-0.514238,-0.358278,2.27441e-06,-0.514238,-0.358278,2.28194e-06,-0.342053,0.101325,2.28194e-06,-0.342053,-1,2.25318e-06,-1,0.736035,1,-0.736035,-0.736035,1,-0.736035,0.736034,1,0.736035,-0.736035,1,0.736035,-0.259603,1,0.45,0.101325,1,-0.342053,-0.358278,1,-0.342053,-0.358278,1,-0.514238,0.336424,1,-0.514238,0.336424,1,-0.395033,-0.0238411,1,0.45],
    "metadata":{
        "version":3,
        "vertices":22,
        "uvs":0,
        "generator":"io_three",
        "faces":33,
        "type":"Geometry",
        "normals":38
    },
    "uvs":[],
    "normals":[7.76e-14,-1,4.37115e-08,-3.9e-15,-1,4.37116e-08,0,-1,4.37116e-08,-1.6056e-12,-1,4.37122e-08,9.52e-14,-1,4.37114e-08,-9.1e-15,-1,4.37113e-08,0,-1,4.37113e-08,-9.12e-14,-1,4.37114e-08,0,-1,4.37114e-08,-3.316e-13,-1,4.37118e-08,5.61e-14,-1,4.37114e-08,2.32378e-07,0.255224,-0.966882,0.966882,0.255224,2.40677e-07,-2.65574e-07,0.255224,0.966882,-0.966882,0.255223,-2.24078e-07,7.62e-14,1,-2.68736e-07,-2.43091e-08,1,-4.04904e-08,0,1,-0,0,1,-2.68736e-07,-1.81349e-07,1,2.25928e-08,-1.57786e-07,1,0,1.26683e-07,1,-4.04903e-08,-0,1,0,0,1,0,-0.731956,0.664693,-0.14951,-0.301492,0.904508,0.301492,-0.301492,-0.904508,0.301492,-0.731956,-0.664693,-0.14951,-0.440352,0.60155,-0.666463,-0.440352,-0.60155,-0.666463,0.577349,0.577349,0.577349,0.577349,-0.577349,0.577349,0.264016,0.949431,-0.169836,0.264016,-0.949431,-0.169836,0.577349,0.577349,-0.577349,0.577349,-0.577349,-0.577349,0.697836,0.558123,-0.448866,0.697836,-0.558123,-0.448866]
}