{
    "faces":[32,0,1,25,0,0,0,32,25,19,18,1,1,1,32,30,16,2,2,2,2,32,0,25,18,3,3,3,32,30,2,3,4,4,4,32,0,18,30,5,5,5,32,0,30,3,6,6,6,32,7,6,17,7,7,7,32,7,17,29,8,8,8,32,26,5,4,9,9,9,32,32,26,4,10,10,10,32,7,29,31,11,11,11,32,20,32,4,12,12,12,32,7,31,20,13,13,13,32,4,7,20,14,14,14,33,0,4,5,1,15,15,15,15,33,1,5,6,2,16,16,16,16,33,2,6,7,3,17,17,17,17,33,4,0,3,7,18,18,18,18,32,32,20,18,19,20,21,32,19,25,26,22,23,24,32,32,18,19,19,21,22,32,19,26,32,22,24,19,33,13,12,14,15,25,26,27,28,33,28,27,8,9,29,30,30,29,33,31,30,18,20,31,32,21,20,33,9,8,16,17,29,30,33,34,33,26,25,23,24,24,23,35,36,33,24,23,10,11,36,35,35,36,32,6,5,26,37,37,37,32,24,11,28,13,13,13,32,6,26,24,38,38,38,32,9,17,6,39,39,39,32,24,28,9,14,14,14,32,24,9,6,38,38,38,32,22,13,15,14,14,14,32,1,2,16,40,40,40,32,8,27,10,41,41,41,32,1,16,8,42,42,42,32,23,25,1,42,42,42,32,8,10,23,43,43,43,32,8,23,1,44,44,44,32,14,12,21,45,45,45,33,22,21,12,13,46,47,26,25,32,29,17,16,48,34,33,32,16,30,31,33,32,31,32,16,31,29,33,31,48,33,15,14,21,22,28,27,47,46,33,11,10,27,28,36,35,30,29],
    "vertices":[1,2e-06,-1,1,2e-06,1,-1,2e-06,1,-1,2e-06,-1,0.736005,1,-0.736004,0.736004,1,0.736005,-0.736005,1,0.736004,-0.736005,1,-0.736005,-0.215563,2e-06,0.45,-0.215563,1,0.45,0.158609,2e-06,0.269868,0.158609,1,0.269868,-0.000993,2e-06,-0.24404,-0.000993,1,-0.24404,-0.104305,2e-06,0.090397,-0.104305,1,0.090397,-0.463907,2e-06,0.45,-0.463907,1,0.45,0.108278,2e-06,-0.514238,0.21781,2e-06,-0.21781,0.108278,1,-0.514238,0.10298,2e-06,0.090397,0.10298,1,0.090397,0.214901,2e-06,0.45,0.214901,1,0.45,0.46457,2e-06,0.45,0.46457,1,0.45,-0.159934,2e-06,0.269868,-0.159934,1,0.269868,-0.378411,1,0.216887,-0.110265,2e-06,-0.514238,-0.110265,1,-0.514238,0.21781,1,-0.21781],
    "uvs":[],
    "metadata":{
        "type":"Geometry",
        "uvs":0,
        "version":3,
        "normals":49,
        "faces":49,
        "vertices":33,
        "generator":"io_three"
    },
    "normals":[0,-1,0,-0.022789,-0.999705,0.008421,-0,-1,0,0,-1,0,-0,-1,0,0,-1,0,-0,-1,0,0,1,-0,-0,1,0,-0,1,-0,0,1,0,0,1,-0,-0,1,-0,0,1,0,-0,1,0,0.966875,0.255251,0,-0,0.255251,0.966875,-0.966875,0.255251,-0,0,0.255251,-0.966875,-0.663259,0.707083,0.245064,-0.457991,0.598254,0.657491,-0.457991,-0.598254,0.657491,-0.663259,-0.707083,0.245064,-0.274117,-0.942534,-0.190924,-0.274117,0.942534,-0.190924,-0.000732,0.542802,-0.839839,-0.000732,-0.542802,-0.839839,-0.664937,-0.563189,0.490524,-0.664937,0.563189,0.490524,-0.477248,0.594745,-0.64687,-0.477248,-0.594745,-0.64687,0.458846,0.598102,0.657033,0.458846,-0.598102,0.657033,0.274422,-0.942289,-0.191626,0.274422,0.942289,-0.191626,0.476058,-0.594958,-0.647542,0.476058,0.594958,-0.647542,0,1,-0,0,1,-0,0,1,-0,-0,-1,0,0,-1,0,0,-1,0,0,-1,0,0,-1,0,0,-1,0,0.665426,0.563128,0.489944,0.665426,-0.563128,0.489944,0.663839,0.707083,0.243477]
}