{
    "faces":[32,0,26,18,0,0,0,32,18,22,3,1,1,1,32,0,18,3,2,2,2,32,7,6,33,3,3,3,32,7,33,23,4,4,4,32,19,21,4,5,5,5,32,7,23,19,5,5,5,32,4,7,19,6,6,6,33,0,4,5,1,7,7,7,7,33,1,5,6,2,8,8,8,8,33,2,6,7,3,9,9,9,9,33,4,0,3,7,10,10,10,10,33,15,14,8,9,11,12,13,14,32,21,19,18,15,11,12,32,26,20,21,16,13,15,32,18,26,21,12,16,15,33,17,16,24,25,14,13,12,11,33,13,12,31,32,11,12,13,14,33,23,22,18,19,17,18,12,11,33,32,31,29,30,14,13,19,20,33,21,20,16,17,15,13,13,14,33,11,10,27,28,14,13,12,11,32,21,17,25,6,6,6,32,21,25,15,5,5,5,32,5,4,21,21,21,21,32,30,33,6,22,22,22,32,32,30,6,23,23,23,32,5,21,15,24,24,24,32,9,11,28,6,6,6,32,5,15,9,25,25,25,32,32,6,5,26,26,26,32,9,28,13,27,27,27,32,13,32,5,28,28,28,32,9,13,5,29,29,29,33,9,8,10,11,14,13,13,14,32,2,3,22,30,30,30,32,2,22,29,31,31,31,32,26,0,1,32,32,32,32,24,16,20,33,33,33,32,20,26,1,34,34,34,32,1,2,29,35,35,35,32,1,29,31,36,36,36,32,14,24,20,37,37,37,32,27,10,8,38,38,38,32,8,14,20,39,39,39,32,20,1,31,40,40,40,32,12,27,8,41,41,41,32,20,31,12,42,42,42,32,12,8,20,43,43,43,32,33,30,29,44,20,19,32,29,22,23,19,18,17,32,29,23,33,19,17,44,33,25,24,14,15,11,12,12,11,33,28,27,12,13,11,12,12,11],
    "vertices":[1,2e-06,-1,1,2e-06,1,-1,2e-06,1,-1,2e-06,-1,0.736035,1,-0.736035,0.736034,1,0.736035,-0.736035,1,0.736035,-0.736035,1,-0.736035,0.291391,2e-06,0.041391,0.291391,1,0.041391,-0.074172,2e-06,0.041391,-0.074172,1,0.041391,0.357616,2e-06,0.271192,0.357616,1,0.271192,0.291391,2e-06,-0.131457,0.291391,1,-0.131457,-0.074172,2e-06,-0.334768,-0.074172,1,-0.334768,0.35894,2e-06,-0.514238,0.35894,1,-0.514238,0.35894,2e-06,-0.334768,0.35894,1,-0.334768,-0.306623,2e-06,-0.514238,-0.306623,1,-0.514238,-0.074172,2e-06,-0.131457,-0.074172,1,-0.131457,0.35894,2e-06,-0.35894,-0.074172,2e-06,0.271192,-0.074172,1,0.271192,-0.306623,2e-06,0.45,-0.306623,1,0.45,0.357616,2e-06,0.45,0.357616,1,0.45,-0.306623,1,0.306622],
    "uvs":[],
    "metadata":{
        "type":"Geometry",
        "uvs":0,
        "version":3,
        "normals":45,
        "faces":54,
        "vertices":34,
        "generator":"io_three"
    },
    "normals":[0,-1,0,0,-1,-0,0,-1,-0,-0,1,-0,0,1,-0,0,1,0,-0,1,0,0.966882,0.255224,0,-0,0.255224,0.966882,-0.966882,0.255223,-0,0,0.255224,-0.966882,-0.577349,0.577349,0.577349,-0.577349,-0.577349,0.577349,-0.577349,-0.577349,-0.577349,-0.577349,0.577349,-0.577349,-0.413678,0.810999,-0.413678,-0.707053,-0.707144,0,0.577349,0.577349,0.577349,0.301492,-0.904508,0.301492,0.577349,-0.577349,-0.577349,0.577349,0.577349,-0.577349,-0,1,-0,0,1,0,0,1,-0,-0,1,-0,-0,1,0,0,1,-0,0,1,0,-0,1,0,-0,1,0,-0,-1,0,0,-1,0,-0,-1,0,0,-1,0,0,-1,-0,-0,-1,0,0,-1,0,0,-1,0,0,-1,0,0,-1,0,0,-1,0,0,-1,0,0,-1,0,0,-1,0,0.707053,0.707144,0]
}