{
    "faces":[32,0,18,16,0,0,0,32,25,27,2,1,1,1,32,0,16,25,2,2,2,32,25,2,3,3,3,3,32,0,25,3,4,4,4,32,17,4,7,5,5,5,32,7,6,22,6,6,6,32,26,17,7,5,5,5,32,7,22,26,5,5,5,33,0,4,5,1,7,7,7,7,33,1,5,6,2,8,8,8,8,33,2,6,7,3,9,9,9,9,33,4,0,3,7,10,10,10,10,33,15,14,8,9,11,12,13,14,33,9,8,10,11,14,13,13,14,33,29,28,14,15,11,12,12,11,33,11,10,12,13,14,13,13,14,33,24,23,28,29,14,13,12,11,33,20,19,23,24,14,13,13,14,32,2,27,21,15,15,15,32,12,10,8,16,16,16,32,2,21,12,17,17,17,32,18,0,1,18,18,18,32,28,23,19,19,19,19,32,19,18,1,20,20,20,32,1,2,12,21,21,21,32,1,12,8,22,22,22,32,14,28,19,23,23,23,32,1,8,14,24,24,24,32,14,19,1,25,25,25,32,26,22,21,26,27,28,32,27,25,26,29,30,26,32,21,27,26,28,29,26,33,26,25,16,17,26,30,12,31,32,20,24,29,32,32,32,32,20,29,15,33,33,33,32,4,17,20,33,33,33,32,22,6,5,34,34,34,32,9,11,13,32,32,32,32,13,22,5,35,35,35,32,5,4,20,36,36,36,32,20,15,9,37,37,37,32,9,13,5,38,38,38,32,20,9,5,39,39,39,32,20,17,16,14,31,12,32,18,19,20,40,13,14,32,16,18,20,12,40,14,33,13,12,21,22,14,13,28,27],
    "vertices":[1,2e-06,-1,1,2e-06,1,-1,2e-06,1,-1,2e-06,-1,0.736035,1,-0.736035,0.736034,1,0.736035,-0.736035,1,0.736035,-0.736035,1,-0.736035,0.309272,2e-06,0.065894,0.309272,1,0.065894,-0.065563,2e-06,0.065894,-0.065563,1,0.065894,-0.065563,2e-06,0.45,-0.065563,1,0.45,0.309272,2e-06,-0.112914,0.309272,1,-0.112914,0.34702,2e-06,-0.514238,0.34702,1,-0.514238,0.34702,2e-06,-0.34702,0.34702,2e-06,-0.334768,0.34702,1,-0.334768,-0.298013,2e-06,0.45,-0.298013,1,0.45,-0.065563,2e-06,-0.334768,-0.065563,1,-0.334768,-0.298013,2e-06,-0.514238,-0.298013,1,-0.514238,-0.298014,2e-06,0.298013,-0.065563,2e-06,-0.112914,-0.065563,1,-0.112914],
    "uvs":[],
    "metadata":{
        "type":"Geometry",
        "uvs":0,
        "version":3,
        "normals":41,
        "faces":48,
        "vertices":30,
        "generator":"io_three"
    },
    "normals":[0,-1,0,0,-1,0,0,-1,-0,-0,-1,0,0,-1,-0,0,1,-0,0,1,-0,0.966882,0.255224,0,-0,0.255224,0.966882,-0.966882,0.255223,-0,0,0.255224,-0.966882,-0.577349,0.577349,0.577349,-0.577349,-0.577349,0.577349,-0.577349,-0.577349,-0.577349,-0.577349,0.577349,-0.577349,-0,-1,0,0,-1,0,0,-1,0,0,-1,0,0,-1,0,0,-1,-0,-0,-1,0,0,-1,0,0,-1,0,0,-1,0,0,-1,0,0.577349,0.577349,0.577349,0.301492,0.904508,-0.301492,0.577349,-0.577349,-0.577349,0.707022,-0.707144,0,0.577349,-0.577349,0.577349,-0.301492,0.904508,0.301492,-0,1,0,0,1,0,0,1,-0,0,1,-0,-0,1,-0,0,1,0,-0,1,-0,-0,1,-0,-0.707083,-0.707083,0]
}