{
    "faces":[32,0,1,9,0,0,0,32,0,9,16,1,1,1,32,34,2,3,2,2,2,32,24,34,3,3,3,3,32,3,0,16,4,4,4,32,26,18,22,5,5,5,32,3,16,26,6,6,6,32,20,24,3,7,7,7,32,26,22,20,8,8,8,32,26,20,3,7,7,7,32,7,6,35,9,9,9,32,7,35,25,10,10,10,32,17,11,4,11,11,11,32,23,19,27,12,12,12,32,27,17,4,13,13,13,32,4,7,25,14,14,14,32,21,23,27,13,13,13,32,4,25,21,13,13,13,32,4,21,27,13,13,13,33,0,4,5,1,15,15,15,15,33,1,5,6,2,16,16,16,16,33,2,6,7,3,17,17,17,17,33,4,0,3,7,18,18,18,18,32,11,17,16,19,20,21,32,9,8,10,22,23,24,32,11,16,9,19,21,22,32,9,10,11,22,24,19,33,21,20,22,23,20,21,21,20,33,19,18,26,27,25,26,26,25,33,15,14,32,33,24,23,23,24,33,25,24,20,21,25,26,21,20,33,33,32,30,31,24,23,27,28,33,23,22,18,19,20,21,26,25,33,13,12,28,29,28,27,27,28,32,13,29,15,13,13,13,32,13,15,33,14,14,14,32,4,11,10,29,29,29,32,13,33,31,30,30,30,32,5,4,10,31,31,31,32,10,13,31,30,30,30,32,6,5,10,32,32,32,32,31,35,6,33,33,33,32,10,31,6,34,34,34,33,10,8,12,13,24,23,27,28,32,2,34,30,35,35,35,32,32,14,28,36,36,36,32,2,30,32,37,37,37,32,8,9,1,38,38,38,32,32,28,12,39,39,39,32,12,8,1,40,40,40,32,1,2,32,41,41,41,32,32,12,1,42,42,42,32,35,31,30,43,28,27,32,34,24,25,44,26,25,32,35,30,34,43,27,44,32,34,25,35,44,25,43,33,27,26,16,17,25,26,21,20,33,29,28,14,15,28,27,23,24],
    "vertices":[1,2e-06,-1,1,2e-06,1,-1,2e-06,1,-1,2e-06,-1,0.736035,1,-0.736035,0.736034,1,0.736035,-0.736035,1,0.736035,-0.736035,1,-0.736035,0.402318,2e-06,0.45,0.402318,2e-06,0.284305,0.402318,1,0.45,0.402318,1,-0.387169,0.171192,2e-06,0.45,0.171192,1,0.45,-0.171192,2e-06,0.047351,-0.171192,1,0.047351,0.402318,2e-06,-0.514238,0.402318,1,-0.514238,0.171192,2e-06,-0.131457,0.171192,1,-0.131457,-0.171192,2e-06,-0.514238,-0.171192,1,-0.514238,-0.171192,2e-06,-0.131457,-0.171192,1,-0.131457,-0.403642,2e-06,-0.514238,-0.403642,1,-0.514238,0.171192,2e-06,-0.514238,0.171192,1,-0.514238,0.171192,2e-06,0.047351,0.171192,1,0.047351,-0.403642,2e-06,0.45,-0.403642,1,0.45,-0.171192,2e-06,0.45,-0.171192,1,0.45,-0.403642,2e-06,0.403642,-0.403642,1,0.32293],
    "uvs":[],
    "metadata":{
        "type":"Geometry",
        "uvs":0,
        "version":3,
        "normals":45,
        "faces":58,
        "vertices":36,
        "generator":"io_three"
    },
    "normals":[-0,-1,0,0,-1,0,-0,-1,0,-0,-1,0,0,-1,-0,0,-1,0,0,-1,-0,0,-1,-0,0,-1,0,-0,1,-0,0,1,-0,-0,1,-0,0,1,-0,0,1,0,-0,1,0,0.966882,0.255224,0,-0,0.255224,0.966882,-0.966882,0.255223,-0,0,0.255224,-0.966882,-0.707083,0.707083,0,-0.577349,0.577349,0.577349,-0.577349,-0.577349,0.577349,-0.707053,-0.707144,0,-0.577349,-0.577349,-0.577349,-0.577349,0.577349,-0.577349,0.577349,0.577349,0.577349,0.577349,-0.577349,0.577349,0.577349,-0.577349,-0.577349,0.577349,0.577349,-0.577349,0,1,0,0,0,0,-0,1,-0,0,1,-0,1e-06,1,0,0,1,-0,-0,-1,-0,0,-1,0,0,-1,0,0,-1,-0,0,-1,0,0,-1,0,-0,-1,0,0,-1,0,0.707083,0.707083,0,0.707083,-0.707083,0]
}