{
    "faces":[32,0,1,13,0,0,0,32,0,13,15,1,1,1,32,8,2,3,2,2,2,32,0,15,11,3,3,3,32,11,8,3,4,4,4,32,0,11,3,5,5,5,32,7,6,10,6,6,6,32,7,10,12,7,7,7,32,14,5,4,8,8,8,32,7,12,16,9,9,9,32,16,14,4,9,9,9,32,4,7,16,10,10,10,33,0,4,5,1,11,11,11,11,33,1,5,6,2,12,12,12,12,33,2,6,7,3,13,13,13,13,33,4,0,3,7,14,14,14,14,33,12,11,15,16,15,16,17,18,33,5,14,10,6,19,19,19,19,32,2,8,9,20,20,20,32,9,13,1,21,21,21,32,2,9,1,22,22,22,32,12,10,9,15,23,24,32,8,11,12,25,16,15,32,9,8,12,24,25,15,33,16,15,13,14,18,17,26,27,33,14,13,9,10,27,26,24,23],
    "vertices":[1,2e-06,-1,1,2e-06,1,-1,2e-06,1,-1,2e-06,-1,0.736035,1,-0.736035,0.736034,1,0.736035,-0.736035,1,0.736035,-0.736035,1,-0.736035,-0.115894,2e-06,0.115894,-0.115894,2e-06,0.45,-0.115894,1,0.45,-0.115894,2e-06,-0.514238,-0.115894,1,-0.514238,0.115894,2e-06,0.45,0.115894,1,0.45,0.115894,2e-06,-0.514238,0.115894,1,-0.514238],
    "uvs":[],
    "metadata":{
        "type":"Geometry",
        "uvs":0,
        "version":3,
        "normals":28,
        "faces":26,
        "vertices":17,
        "generator":"io_three"
    },
    "normals":[0,-1,0,0,-1,0,-0,-1,0,0,-1,-0,-0,-1,0,0,-1,-0,0,1,-0,0,1,-0,-0,1,-0,0,1,0,-0,1,0,0.966882,0.255224,0,-0,0.255224,0.966882,-0.966882,0.255223,-0,0,0.255224,-0.966882,0.577349,0.577349,0.577349,0.577349,-0.577349,0.577349,-0.577349,-0.577349,0.577349,-0.577349,0.577349,0.577349,0,1,-0,-0,-1,0,0,-1,0,-0,-1,0,0.301492,0.904508,-0.301492,0.577349,-0.577349,-0.577349,0.707083,-0.707083,0,-0.301492,-0.904508,-0.301492,-0.301492,0.904508,-0.301492]
}