{
    "faces":[32,10,0,1,0,0,0,32,1,2,3,1,1,1,32,4,5,6,2,2,2,32,1,3,4,3,3,3,32,9,10,1,4,4,4,32,8,9,1,5,5,5,32,4,6,7,6,6,6,32,7,8,1,3,3,3,32,1,4,7,3,3,3,32,16,0,10,7,7,7,32,16,10,11,8,8,8,32,3,2,16,9,9,9,32,15,3,16,10,10,10,32,12,13,14,11,11,11,32,14,15,16,8,8,8,32,11,12,14,12,12,12,32,11,14,16,8,8,8,33,17,0,16,18,13,13,13,13,33,0,17,19,1,14,14,14,14,33,1,19,20,2,15,15,15,15,33,2,20,18,16,16,16,16,16,32,27,17,18,17,17,17,32,18,20,21,18,18,18,32,18,21,22,19,19,19,32,26,27,18,20,20,20,32,23,24,25,21,21,21,32,18,22,23,22,22,22,32,23,25,26,21,21,21,32,18,23,26,23,23,23,32,19,17,27,24,24,24,32,27,28,29,21,21,21,32,30,31,32,25,25,25,32,19,27,29,25,25,25,32,30,32,33,25,25,25,32,19,29,30,21,21,21,32,21,20,19,21,21,21,32,19,30,33,21,21,21,32,33,21,19,25,25,25,33,31,30,7,6,26,27,28,29,33,32,31,6,5,30,26,29,31,33,30,29,8,7,27,32,33,28,33,33,32,5,4,34,30,31,35,33,29,28,9,8,32,36,37,33,33,21,33,4,3,38,34,35,39,33,28,27,10,9,36,40,41,37,33,22,21,3,15,42,38,39,43,33,27,26,11,10,40,44,45,41,33,23,22,15,14,46,42,43,47,33,26,25,12,11,44,48,49,45,33,24,23,14,13,50,46,47,51,33,25,24,13,12,48,50,51,49],
    "vertices":[1,2.25318e-06,-1,1,2.3406e-06,1,-1,2.3406e-06,1,-0.360927,2.31656e-06,0.45,-0.128477,2.31656e-06,0.45,-0.128477,2.30545e-06,0.195695,-0.0331126,2.30087e-06,0.0910596,0.172185,2.31656e-06,0.45,0.447682,2.31656e-06,0.45,0.121854,2.29306e-06,-0.0877484,0.447682,2.27441e-06,-0.514238,0.160265,2.27441e-06,-0.514238,-0.0476821,2.28764e-06,-0.211589,-0.128477,2.293e-06,-0.0890729,-0.128477,2.27441e-06,-0.514238,-0.360927,2.27441e-06,-0.514238,-1,2.25318e-06,-1,0.736035,1,-0.736035,-0.736035,1,-0.736035,0.736034,1,0.736035,-0.736035,1,0.736035,-0.360927,1,0.45,-0.360927,1,-0.514238,-0.128477,1,-0.514238,-0.128477,1,-0.0890729,-0.0476821,1,-0.211589,0.160265,1,-0.514238,0.447682,1,-0.514238,0.121854,1,-0.0877484,0.447682,1,0.45,0.172185,1,0.45,-0.0331126,1,0.0910595,-0.128477,1,0.195695,-0.128477,1,0.45],
    "metadata":{
        "version":3,
        "vertices":34,
        "uvs":0,
        "generator":"io_three",
        "faces":51,
        "type":"Geometry",
        "normals":52
    },
    "uvs":[],
    "normals":[9.33e-14,-1,4.37115e-08,-3.9e-15,-1,4.37116e-08,1.8815e-12,-1,4.37116e-08,0,-1,4.37116e-08,-1.681e-13,-1,4.37116e-08,7.238e-13,-1,4.37108e-08,0,-1,4.37111e-08,-9.1e-15,-1,4.37113e-08,0,-1,4.37113e-08,-1.056e-13,-1,4.37114e-08,-1.038e-13,-1,4.37114e-08,6.011e-13,-1,4.37115e-08,0,-1,4.37116e-08,2.32378e-07,0.255224,-0.966882,0.966882,0.255224,2.40677e-07,-2.65574e-07,0.255224,0.966882,-0.966882,0.255223,-2.24078e-07,7.62e-14,1,-2.68736e-07,-3.08755e-08,1,-4.04904e-08,-1.589e-07,1,0,0,1,-2.68736e-07,0,1,0,0,1,-2.68736e-07,0,1,-2.68736e-07,1.75563e-07,1,-4.04903e-08,-0,1,0,0.0905484,0.56267,-0.82168,0.397687,0.609699,-0.685629,0.397687,-0.609699,-0.685629,0.0905484,-0.56267,-0.82168,-0.72103,0.634114,-0.279275,-0.721,-0.634114,-0.279275,-0.725333,0.553972,-0.408612,-0.725333,-0.553972,-0.408612,-0.577349,0.577349,-0.577349,-0.577349,-0.577349,-0.577349,-0.799127,0.599567,-0.0430311,-0.799127,-0.599567,-0.0430311,0.301492,0.904508,-0.301492,0.301492,-0.904508,-0.301492,-0.225196,0.967925,0.111332,-0.225196,-0.967925,0.111332,0.577349,0.577349,0.577349,0.577349,-0.577349,0.577349,0.366894,0.615772,0.697256,0.366894,-0.615772,0.697256,-0.577349,0.577349,0.577349,-0.577349,-0.577349,0.577349,0.588336,0.704947,0.396039,0.588336,-0.704947,0.396039,-0.241401,0.542436,0.804621,-0.241401,-0.542436,0.804621]
}