{
    "faces":[32,0,1,8,0,0,0,32,8,14,16,1,1,1,32,18,21,2,2,2,2,32,0,8,16,3,3,3,32,18,2,3,4,4,4,32,0,16,18,5,5,5,32,0,18,3,6,6,6,32,7,6,20,7,7,7,32,7,20,19,8,8,8,32,9,5,4,9,9,9,32,17,15,9,10,10,10,32,7,19,17,10,10,10,32,17,9,4,10,10,10,32,4,7,17,11,11,11,33,0,4,5,1,12,12,12,12,33,1,5,6,2,13,13,13,13,33,2,6,7,3,14,14,14,14,33,4,0,3,7,15,15,15,15,33,11,10,12,13,16,17,18,19,33,15,14,8,9,20,21,22,23,32,20,13,12,24,19,18,32,21,18,19,25,26,27,32,20,12,21,24,18,25,32,21,19,20,25,27,24,33,17,16,14,15,20,21,21,20,32,5,9,11,28,28,28,32,13,20,6,29,29,29,32,5,11,13,30,30,30,32,5,13,6,31,31,31,32,2,21,12,32,32,32,32,10,8,1,33,33,33,32,2,12,10,34,34,34,32,2,10,1,35,35,35,33,19,18,16,17,27,26,21,20,33,9,8,10,11,23,22,17,16],
    "vertices":[1,2.25318e-06,-1,1,2.3406e-06,1,-1,2.3406e-06,1,-1,2.25318e-06,-1,0.736035,1,-0.736035,0.736034,1,0.736035,-0.736035,1,0.736035,-0.736035,1,-0.736035,0.342384,2.30663e-06,0.271192,0.342384,1,0.271192,0.342384,2.31445e-06,0.45,0.342384,1,0.45,-0.294702,2.31445e-06,0.45,-0.294702,1,0.45,-0.0622517,2.30663e-06,0.271192,-0.0622517,1,0.271192,-0.0622517,2.2276e-06,-0.514238,-0.0622517,1,-0.514238,-0.294702,2.2276e-06,-0.514238,-0.294702,1,-0.514238,-0.294702,1,0.294702,-0.294702,2.30977e-06,0.294702],
    "metadata":{
        "version":3,
        "vertices":22,
        "uvs":0,
        "generator":"io_three",
        "faces":35,
        "type":"Geometry",
        "normals":36
    },
    "uvs":[],
    "normals":[3.21424e-09,-1,4.37115e-08,0,-1,1.00627e-07,5.78747e-08,-1,1.01586e-07,5.67348e-08,-1,7.13988e-08,-6.63794e-08,-1,4.37114e-08,0,-1,-5.26675e-08,1.1e-14,-1,-5.26675e-08,-4.04903e-08,1,-4.04904e-08,3.70299e-08,1,-7.36824e-08,-1.03602e-07,1,-4.04904e-08,0,1,0,-0,1,0,0.966882,0.255224,2.40677e-07,-2.65574e-07,0.255224,0.966882,-0.966882,0.255223,-2.24078e-07,2.32378e-07,0.255224,-0.966882,-0.577349,0.577349,-0.577349,-0.577349,-0.577349,-0.577349,0.577349,-0.577349,-0.577349,0.577349,0.577349,-0.577349,-0.577349,0.577349,0.577349,-0.577349,-0.577349,0.577349,-0.41728,-0.807306,0.41728,-0.422956,0.801355,0.422956,0.707083,0.707083,0,0.707053,-0.707144,0,0.577349,-0.577349,0.577349,0.577349,0.577349,0.577349,-1.51415e-07,1,0,3.83807e-07,1,3.83808e-07,0,1,-2.08382e-07,1.097e-13,1,-2.08382e-07,-1.36108e-08,-1,3.01007e-08,3.21414e-09,-1,4.37115e-08,0,-1,4.75546e-08,-4e-15,-1,4.75546e-08]
}