{
    "faces":[32,0,1,2,0,0,0,32,0,2,3,1,1,1,32,11,12,0,2,2,2,32,10,11,0,3,3,3,32,4,5,6,4,4,4,32,7,8,9,5,5,5,32,3,4,6,6,6,6,32,7,9,10,7,7,7,32,0,3,6,3,3,3,32,7,10,0,3,3,3,32,0,6,7,8,8,8,32,13,0,12,9,9,9,32,14,15,16,10,10,10,32,13,12,14,11,11,11,32,2,1,18,12,12,12,32,14,16,17,13,13,13,32,17,2,18,14,14,14,32,18,13,14,15,15,15,32,14,17,18,16,16,16,33,19,13,18,20,17,17,17,17,33,21,0,13,19,18,18,18,18,33,0,21,22,1,19,19,19,19,33,1,22,20,18,20,20,20,20,32,20,22,23,21,21,21,32,20,23,24,22,22,22,32,28,21,19,23,23,23,32,25,26,27,24,24,24,32,27,28,19,25,25,25,32,19,20,24,26,26,26,32,25,27,19,25,25,25,32,19,24,25,25,25,25,32,21,28,29,27,27,27,32,21,29,30,24,24,24,32,23,22,21,28,28,28,32,37,23,21,27,27,27,32,34,35,36,27,27,27,32,31,32,33,29,29,29,32,34,36,37,27,27,27,32,30,31,33,27,27,27,32,34,37,21,30,30,30,32,21,30,33,28,28,28,32,21,33,34,24,24,24,33,25,24,17,16,31,32,33,34,33,26,25,16,15,35,31,34,36,33,24,23,2,17,32,37,38,33,33,27,26,15,14,39,35,36,40,33,23,37,3,2,37,41,42,38,33,28,27,14,12,43,39,40,44,33,37,36,4,3,41,45,46,42,33,29,28,12,11,41,43,44,42,33,36,35,5,4,45,47,48,46,33,30,29,11,10,49,41,42,50,33,35,34,6,5,47,51,52,48,33,31,30,10,9,53,49,50,54,33,34,33,7,6,51,55,56,52,33,32,31,9,8,57,53,54,58,33,33,32,8,7,55,57,58,56],
    "vertices":[1,2.3406e-06,1,-1,2.3406e-06,1,-0.521523,2.31656e-06,0.45,-0.289073,2.31656e-06,0.45,-0.289073,2.30672e-06,0.224834,-0.311589,2.28654e-06,-0.236755,-0.0778146,2.31656e-06,0.45,0.0758278,2.31656e-06,0.45,0.30894,2.28657e-06,-0.236093,0.286424,2.30672e-06,0.224834,0.286424,2.31656e-06,0.45,0.519536,2.31656e-06,0.45,0.519536,2.27441e-06,-0.514238,1,2.25318e-06,-1,0.213576,2.27441e-06,-0.514238,-0.000993383,2.30374e-06,0.156623,-0.216225,2.27441e-06,-0.514238,-0.521523,2.27441e-06,-0.514238,-1,2.25318e-06,-1,0.736035,1,-0.736035,-0.736035,1,-0.736035,0.736034,1,0.736035,-0.736035,1,0.736035,-0.521523,1,0.45,-0.521523,1,-0.514238,-0.216225,1,-0.514238,-0.000993383,1,0.156622,0.213576,1,-0.514238,0.519536,1,-0.514238,0.519536,1,0.45,0.286424,1,0.45,0.286424,1,0.224834,0.30894,1,-0.236093,0.0758278,1,0.45,-0.0778146,1,0.45,-0.311589,1,-0.236755,-0.289073,1,0.224834,-0.289073,1,0.45],
    "metadata":{
        "version":3,
        "vertices":38,
        "uvs":0,
        "generator":"io_three",
        "faces":57,
        "type":"Geometry",
        "normals":59
    },
    "uvs":[],
    "normals":[-3.9e-15,-1,4.37116e-08,0,-1,4.37116e-08,1.227e-13,-1,4.37114e-08,0,-1,4.37116e-08,1.922e-13,-1,4.37113e-08,-1.93e-14,-1,4.37115e-08,0,-1,4.37115e-08,0,-1,4.37115e-08,0,-1,4.37116e-08,1.183e-13,-1,4.37115e-08,0,-1,4.37116e-08,0,-1,4.37113e-08,-1.411e-13,-1,4.37114e-08,0,0,0,-1.386e-13,-1,4.37114e-08,-9.1e-15,-1,4.37113e-08,0,-1,4.37113e-08,2.32378e-07,0.255224,-0.966882,0.966882,0.255224,2.40677e-07,-2.65574e-07,0.255224,0.966882,-0.966882,0.255223,-2.24078e-07,-5.39907e-08,1,-4.04904e-08,-2.77862e-07,1,0,2.33831e-07,1,-4.04902e-08,0,1,0,0,1,-2.68736e-07,7.62e-14,1,-2.68736e-07,-0,1,0,0,1,0,-0,1,-0,-0,1,0,-0.473403,0.595447,0.649068,0.577349,0.577349,0.577349,0.577349,-0.577349,0.577349,-0.473403,-0.595447,0.649068,0.000366222,0.543168,0.839595,0.000366222,-0.543168,0.839595,0.301492,0.904508,-0.301492,0.301492,-0.904508,-0.301492,0.473708,0.595386,0.648885,0.473708,-0.595386,0.648885,-0.577349,0.577349,-0.577349,-0.577349,-0.577349,-0.577349,-0.535722,0.652669,0.535722,-0.504074,-0.701254,0.504074,-0.712272,0.701651,0.0173345,-0.712272,-0.701651,0.0173345,-0.157842,0.538255,-0.827845,-0.157842,-0.538255,-0.827845,0.577349,0.577349,-0.577349,0.577349,-0.577349,-0.577349,0.467177,0.596576,-0.652516,0.467177,-0.596576,-0.652516,0.712302,0.701651,0.017365,0.712302,-0.701651,0.017365,-0.46736,0.596545,-0.652425,-0.46736,-0.596545,-0.652425,0.157628,0.538255,-0.827876,0.157628,-0.538255,-0.827876]
}