{
    "faces":[32,8,0,1,0,0,0,32,1,2,3,1,1,1,32,4,5,6,2,2,2,32,1,3,4,3,3,3,32,7,8,1,4,4,4,32,1,4,6,5,5,5,32,1,6,7,3,3,3,32,13,0,8,6,6,6,32,9,10,11,7,7,7,32,13,8,9,8,8,8,32,3,2,13,9,9,9,32,9,11,12,10,10,10,32,12,3,13,11,11,11,32,9,12,13,12,12,12,33,14,0,13,15,13,13,13,13,33,0,14,16,1,14,14,14,14,33,1,16,17,2,15,15,15,15,33,2,17,15,13,16,16,16,16,32,23,14,15,17,17,17,32,15,17,18,18,18,18,32,15,18,19,19,19,19,32,22,23,15,20,20,20,32,20,21,22,21,21,21,32,15,19,20,22,22,22,32,15,20,22,20,20,20,32,16,14,23,23,23,23,32,16,23,24,24,24,24,32,18,17,16,25,25,25,32,25,26,27,24,24,24,32,27,18,16,24,24,24,32,16,24,25,26,26,26,32,25,27,16,27,27,27,33,24,23,8,7,28,29,30,31,33,25,24,7,6,32,28,31,33,33,23,22,9,8,29,34,35,30,33,26,25,6,5,36,32,33,37,33,22,21,10,9,34,38,39,35,33,27,26,5,4,28,36,37,31,33,21,20,11,10,38,40,41,39,33,18,27,4,3,42,28,31,43,33,20,19,12,11,40,34,35,41,33,19,18,3,12,34,42,43,35],
    "vertices":[1,2.25318e-06,-1,1,2.3406e-06,1,-1,2.3406e-06,1,-0.403311,2.31656e-06,0.45,-0.170861,2.31656e-06,0.45,-0.170861,2.29034e-06,-0.15,0.170861,2.31656e-06,0.45,0.401987,2.31656e-06,0.45,0.401987,2.27441e-06,-0.514238,0.170199,2.27441e-06,-0.514238,0.170199,2.30064e-06,0.0857616,-0.170861,2.27441e-06,-0.514238,-0.403311,2.27441e-06,-0.514238,-1,2.25318e-06,-1,0.736035,1,-0.736035,-0.736035,1,-0.736035,0.736034,1,0.736035,-0.736035,1,0.736035,-0.403311,1,0.45,-0.403311,1,-0.514238,-0.170861,1,-0.514238,0.170199,1,0.0857615,0.170199,1,-0.514238,0.401987,1,-0.514238,0.401987,1,0.45,0.170861,1,0.45,-0.170861,1,-0.15,-0.170861,1,0.45],
    "metadata":{
        "version":3,
        "vertices":28,
        "uvs":0,
        "generator":"io_three",
        "faces":42,
        "type":"Geometry",
        "normals":44
    },
    "uvs":[],
    "normals":[8.61e-14,-1,4.37115e-08,-3.9e-15,-1,4.37116e-08,0,-1,4.37114e-08,0,-1,4.37116e-08,9.86e-14,-1,4.37114e-08,0,-1,4.37116e-08,-9.1e-15,-1,4.37113e-08,0,-1,4.37114e-08,0,-1,4.37113e-08,-1.131e-13,-1,4.37114e-08,0,0,0,-1.111e-13,-1,4.37115e-08,0,-1,4.37113e-08,2.32378e-07,0.255224,-0.966882,0.966882,0.255224,2.40677e-07,-2.65574e-07,0.255224,0.966882,-0.966882,0.255223,-2.24078e-07,7.62e-14,1,-2.68736e-07,-3.48086e-08,1,-4.04904e-08,-1.79142e-07,1,0,0,1,-2.68736e-07,0,1,-0,0,1,-2.68736e-07,1.51547e-07,1,-4.04903e-08,-0,1,0,0,1,0,0,1,0,-0,1,0,-0.577349,0.577349,-0.577349,-0.301492,0.904508,0.301492,-0.301492,-0.904508,0.301492,-0.577349,-0.577349,-0.577349,0.398358,0.609546,-0.685354,0.398358,-0.609546,-0.685354,0.577349,0.577349,0.577349,0.577349,-0.577349,0.577349,-0.215217,0.541307,-0.812799,-0.215217,-0.541307,-0.812799,0.214881,0.541276,0.812891,0.214881,-0.541276,0.812891,-0.398663,0.609485,0.685202,-0.398663,-0.609485,0.685202,0.301492,0.904508,-0.301492,0.301492,-0.904508,-0.301492]
}