{
    "normals":[-0,-1,0,0,1,-0,0.966882,0.255224,0,-0,0.255224,0.966882,-0.966882,0.255224,-0,0,0.255224,-0.966882],
    "uvs":[],
    "vertices":[5.99519,2e-06,-1,5.99519,2e-06,1,-5.9964,2e-06,1,-5.9964,2e-06,-1,5.73123,1,-0.736035,5.73123,1,0.736035,-5.73244,1,0.736035,-5.73244,1,-0.736035],
    "faces":[33,0,1,2,3,0,0,0,0,33,4,7,6,5,1,1,1,1,33,0,4,5,1,2,2,2,2,33,1,5,6,2,3,3,3,3,33,2,6,7,3,4,4,4,4,33,4,0,3,7,5,5,5,5],
    "metadata":{
        "normals":6,
        "type":"Geometry",
        "vertices":8,
        "version":3,
        "uvs":0,
        "faces":6,
        "generator":"io_three"
    }
}