{
    "uvs":[],
    "vertices":[1,2e-06,-1,1,2e-06,1,-1,2e-06,1,-0.119536,2e-06,0.45,0.112914,2e-06,0.45,0.112914,2e-06,-0.334768,0.402318,2e-06,-0.334768,0.402318,2e-06,-0.514238,-0.403642,2e-06,-0.514238,-0.403642,2e-06,-0.334768,-0.119536,2e-06,-0.334768,-1,2e-06,-1,0.736035,1,-0.736035,-0.736035,1,-0.736035,0.736034,1,0.736035,-0.736035,1,0.736035,-0.119536,1,0.45,-0.119536,1,-0.334768,-0.403642,1,-0.334768,-0.403642,1,-0.514238,0.402318,1,-0.514238,0.402318,1,-0.334768,0.112914,1,-0.334768,0.112914,1,0.45],
    "faces":[32,7,0,1,0,0,0,32,1,2,3,1,1,1,32,4,5,6,2,2,2,32,1,3,4,3,3,3,32,6,7,1,4,4,4,32,1,4,6,5,5,5,32,11,0,7,6,6,6,32,11,7,8,7,7,7,32,3,2,11,8,8,8,32,9,10,3,2,2,2,32,11,8,9,9,9,9,32,9,3,11,10,10,10,33,12,0,11,13,11,11,11,11,33,0,12,14,1,12,12,12,12,33,1,14,15,2,13,13,13,13,33,2,15,13,11,14,14,14,14,32,20,12,13,15,15,15,32,13,15,16,16,16,16,32,16,17,18,17,17,17,32,19,20,13,18,18,18,32,13,16,18,19,19,19,32,13,18,19,20,20,20,32,14,12,20,21,21,21,32,21,22,23,22,22,22,32,14,20,21,23,23,23,32,16,15,14,24,24,24,32,14,21,23,22,22,22,32,23,16,14,22,22,22,33,21,20,7,6,25,26,27,28,33,22,21,6,5,25,25,28,28,33,20,19,8,7,26,29,30,27,33,23,22,5,4,25,25,28,28,33,19,18,9,8,29,31,32,30,33,16,23,4,3,33,25,28,34,33,18,17,10,9,31,31,32,32,33,17,16,3,10,31,33,34,32],
    "metadata":{
        "vertices":24,
        "uvs":0,
        "normals":35,
        "version":3,
        "type":"Geometry",
        "faces":36,
        "generator":"io_three"
    },
    "normals":[0,-1,0,-0,-1,0,0,-1,0,0,-1,0,-0,-1,0,0,-1,0,-0,-1,0,0,-1,0,-0,-1,0,-0,-1,0,0,-1,0,0,0.255224,-0.966882,0.966882,0.255224,0,-0,0.255224,0.966882,-0.966882,0.255223,-0,0,1,-0,-0,1,-0,0,1,0,0,1,-0,-0,1,0,-0,1,0,0,1,-0,-0,1,0,-0,1,0,0,1,0,-0.577349,0.577349,-0.577349,-0.301492,0.904508,0.301492,-0.301492,-0.904508,0.301492,-0.577349,-0.577349,-0.577349,0.577349,0.577349,0.577349,0.577349,-0.577349,0.577349,0.577349,0.577349,-0.577349,0.577349,-0.577349,-0.577349,0.301492,0.904508,-0.301492,0.301492,-0.904508,-0.301492]
}