{
    "normals":[0,-1,-0,0,-1,0,0,-1,-0,0,1,-0,0,1,0,0,1,-0,0,1,0,0.966882,0.255224,0,-0,0.255224,0.966882,-0.966882,0.255223,-0,0,0.255224,-0.966882,0.488601,0.5927,0.640248,0.488601,-0.5927,0.640248,-0.277718,-0.939695,0.199561,-0.277718,0.939695,0.199561,0.278024,0.939451,0.200293,0.278024,-0.939451,0.200293,-0.488907,-0.592639,0.640065,-0.488907,0.592639,0.640065,-0,-1,0,0,-1,0,0,-1,0,0,-1,0,-0,-1,0,-0,-1,0,0.469283,0.59621,-0.651357,0.469283,-0.59621,-0.651357,-0,1,-0,-0,1,-0,0,1,-0,0,1,-0,0,1,-0,-0.000366,0.541551,0.840632,-0.000366,-0.541551,0.840632,-0.468398,0.596362,-0.651845,-0.468398,-0.596362,-0.651845],
    "uvs":[],
    "vertices":[1,2e-06,-1,1,2e-06,1,-1,2e-06,1,-1,2e-06,-1,0.736035,1,-0.736035,0.736034,1,0.736035,-0.736035,1,0.736035,-0.736035,1,-0.736035,0.19106,2e-06,-0.514238,0.19106,1,-0.514238,0.126159,2e-06,0.45,0.126159,1,0.45,0.450662,2e-06,-0.514238,0.450662,1,-0.514238,-0.192384,2e-06,-0.514238,-0.192384,1,-0.514238,-0.000993,2e-06,0.187748,-0.000993,1,0.187748,-0.45,2e-06,-0.514238,-0.45,1,-0.514238,-0.128146,2e-06,0.45,-0.128146,1,0.45],
    "faces":[32,3,0,12,0,0,0,32,8,16,14,1,1,1,32,3,12,8,2,2,2,32,14,18,3,2,2,2,32,8,14,3,2,2,2,32,13,4,7,3,3,3,32,7,19,15,4,4,4,32,15,17,9,4,4,4,32,9,13,7,5,5,5,32,7,15,9,6,6,6,33,0,4,5,1,7,7,7,7,33,1,5,6,2,8,8,8,8,33,2,6,7,3,9,9,9,9,33,4,0,3,7,10,10,10,10,33,9,8,12,13,11,12,13,14,33,19,18,14,15,15,16,17,18,32,2,3,18,19,19,19,32,2,18,20,20,20,20,32,12,0,1,21,21,21,32,2,20,10,22,22,22,32,10,12,1,23,23,23,32,10,1,2,24,24,24,33,21,20,18,19,25,26,16,15,32,21,19,7,4,4,4,32,5,4,13,27,27,27,32,5,13,11,28,28,28,32,21,7,6,29,29,29,32,5,11,21,30,30,30,32,21,6,5,31,31,31,33,17,16,8,9,32,33,12,11,33,11,10,20,21,34,35,26,25,33,15,14,16,17,18,17,33,32,33,13,12,10,11,14,13,35,34],
    "metadata":{
        "normals":36,
        "type":"Geometry",
        "vertices":22,
        "version":3,
        "uvs":0,
        "faces":33,
        "generator":"io_three"
    }
}