{
    "uvs":[],
    "vertices":[1,2e-06,-1,1,2e-06,1,-1,2e-06,1,-0.128146,2e-06,0.45,0.126159,2e-06,0.45,0.450662,2e-06,-0.514238,0.19106,2e-06,-0.514238,-0.000993,2e-06,0.187748,-0.192384,2e-06,-0.514238,-0.45,2e-06,-0.514238,-1,2e-06,-1,0.736035,1,-0.736035,-0.736035,1,-0.736035,0.736034,1,0.736035,-0.736035,1,0.736035,-0.128146,1,0.45,-0.45,1,-0.514238,-0.192384,1,-0.514238,-0.000993,1,0.187748,0.19106,1,-0.514238,0.450662,1,-0.514238,0.126159,1,0.45],
    "faces":[32,1,2,3,0,0,0,32,1,3,4,1,1,1,32,5,6,0,2,2,2,32,1,4,5,3,3,3,32,0,1,5,4,4,4,32,10,0,6,5,5,5,32,6,7,8,6,6,6,32,9,3,2,7,7,7,32,10,6,8,8,8,8,32,9,2,10,9,9,9,32,8,9,10,8,8,8,33,11,0,10,12,10,10,10,10,33,0,11,13,1,11,11,11,11,33,1,13,14,2,12,12,12,12,33,2,14,12,10,13,13,13,13,32,19,11,12,14,14,14,32,12,14,15,15,15,15,32,12,15,16,16,16,16,32,17,18,19,17,17,17,32,12,16,17,18,18,18,32,12,17,19,19,19,19,32,11,19,20,20,20,20,32,21,15,14,21,21,21,32,11,20,21,22,22,22,32,21,14,13,17,17,17,32,11,21,13,23,23,23,33,18,17,8,7,24,25,26,27,33,19,18,7,6,28,24,27,29,33,17,16,9,8,25,30,31,26,33,20,19,6,5,32,28,29,33,33,16,15,3,9,30,34,35,31,33,21,20,5,4,36,32,33,37,33,15,21,4,3,34,36,37,35],
    "metadata":{
        "vertices":22,
        "uvs":0,
        "normals":38,
        "version":3,
        "type":"Geometry",
        "faces":33,
        "generator":"io_three"
    },
    "normals":[-0,-1,0,0,-1,0,0,-1,0,0,-1,0,0,-1,0,-0,-1,0,0,-1,0,-0,-1,0,0,-1,0,-0,-1,0,0,0.255224,-0.966882,0.966882,0.255224,0,-0,0.255224,0.966882,-0.966882,0.255223,-0,0,1,-0,-0,1,-0,-0,1,0,0,1,0,0,1,-0,0,1,-0,0,1,-0,-0,1,0,0,1,0,0,1,-0,-0.000366,0.541551,0.840632,-0.488907,0.592639,0.640065,-0.488907,-0.592639,0.640065,-0.000366,-0.541551,0.840632,0.419324,0.722617,0.549486,0.39436,-0.75988,0.516739,0.670949,0.562273,0.483383,0.670949,-0.562273,0.483383,-0.67159,0.562151,0.482589,-0.67159,-0.562151,0.482589,0.293497,0.864803,-0.407361,0.293497,-0.864803,-0.407361,-0.468398,0.596362,-0.651845,-0.468398,-0.596362,-0.651845]
}