{
    "faces":[32,3,0,24,0,0,0,32,26,8,12,1,1,1,32,3,24,26,2,2,2,32,14,18,3,3,3,3,32,22,16,14,4,4,4,32,3,26,12,5,5,5,32,22,14,3,3,3,3,32,12,22,3,3,3,3,32,25,4,7,6,6,6,32,7,19,15,7,7,7,32,15,17,23,7,7,7,32,13,9,27,7,7,7,32,7,15,23,8,8,8,32,13,27,25,9,9,9,32,7,23,13,7,7,7,32,7,13,25,7,7,7,33,0,4,5,1,10,10,10,10,33,1,5,6,2,11,11,11,11,33,2,6,7,3,12,12,12,12,33,4,0,3,7,13,13,13,13,33,29,28,30,31,14,15,16,17,33,21,20,18,19,18,19,20,21,33,27,26,24,25,22,23,24,25,32,33,29,31,26,26,26,32,21,19,7,8,8,8,32,11,33,31,9,9,9,32,21,7,6,27,27,27,32,11,31,21,9,9,9,32,21,6,5,28,28,28,32,5,4,25,29,29,29,32,11,21,5,30,30,30,32,11,5,25,31,31,31,33,33,32,28,29,32,33,15,14,33,25,24,10,11,25,24,34,35,33,31,30,20,21,17,16,19,18,33,13,12,8,9,36,37,38,39,33,23,22,12,13,40,41,37,36,33,17,16,22,23,42,43,41,40,33,15,14,16,17,44,45,43,42,32,2,3,18,46,46,46,32,2,18,20,47,47,47,32,24,0,1,48,48,48,32,10,24,1,49,49,49,32,1,2,20,50,50,50,32,30,28,32,51,51,51,32,1,20,30,52,52,52,32,32,10,1,52,52,52,32,30,32,1,53,53,53,33,11,10,32,33,35,34,33,32,33,19,18,14,15,21,20,45,44,33,9,8,26,27,39,38,23,22],
    "vertices":[1,2e-06,-1,1,2e-06,1,-1,2e-06,1,-1,2e-06,-1,0.736035,1,-0.736035,0.736034,1,0.736035,-0.736035,1,0.736035,-0.736035,1,-0.736035,0.230464,2e-06,0.090397,0.230464,1,0.090397,0.366888,2e-06,0.45,0.366888,1,0.45,0.096027,2e-06,-0.514238,0.096027,1,-0.514238,-0.344371,2e-06,-0.514238,-0.344371,1,-0.514238,-0.233775,2e-06,0.090397,-0.233775,1,0.090397,-0.575497,2e-06,-0.514238,-0.575497,1,-0.514238,-0.370199,2e-06,0.45,-0.370199,1,0.45,-0.101324,2e-06,-0.514238,-0.101324,1,-0.514238,0.571523,2e-06,-0.514238,0.571523,1,-0.514238,0.34106,2e-06,-0.514238,0.34106,1,-0.514238,-0.003311,2e-06,-0.099669,-0.003311,1,-0.099669,-0.129801,2e-06,0.45,-0.129801,1,0.45,0.125828,2e-06,0.45,0.125828,1,0.45],
    "metadata":{
        "version":3,
        "vertices":34,
        "uvs":0,
        "generator":"io_three",
        "faces":51,
        "type":"Geometry",
        "normals":54
    },
    "uvs":[],
    "normals":[-0,-1,0,0,-1,0,0,-1,-1e-06,0,-1,-0,0,-1,0,0,-1,-0,0,1,-0,0,1,0,0,1,0,0,0,0,0.966882,0.255224,0,-0,0.255224,0.966882,-0.966882,0.255223,-0,0,0.255224,-0.966882,-0.001923,0.540361,-0.841426,-0.001923,-0.540361,-0.841426,-0.502731,-0.590167,-0.631581,-0.502731,0.590167,-0.631581,0.508377,0.58919,-0.62801,0.508377,-0.58919,-0.62801,0.289621,-0.927946,0.234443,0.289621,0.927946,0.234443,0.518174,0.587451,0.62157,0.518174,-0.587451,0.62157,-0.289682,-0.927885,0.234657,-0.289682,0.927885,0.234657,-0,1,0,0,1,-0,0,1,-0,-0,1,-0,0,1,-0,-0,1,-0,0.501175,0.590442,-0.632557,0.501175,-0.590442,-0.632557,-0.508591,-0.589129,-0.627857,-0.508591,0.589129,-0.627857,-0.505295,0.589709,0.629963,-0.505295,-0.589709,0.629963,0.015931,-0.539567,0.841762,0.015931,0.539567,0.841762,0.506363,0.589526,0.629292,0.506363,-0.589526,0.629292,-0.014618,0.539537,0.841823,-0.014618,-0.539537,0.841823,-0.518174,0.587451,0.62157,-0.518174,-0.587451,0.62157,-0,-1,0,0,-1,0,0,-1,0,0,-1,0,-0,-1,0,0,-1,0,0,-1,0,0,-1,0]
}