{
    "faces":[32,9,0,1,0,0,0,32,1,2,3,1,1,1,32,4,5,6,2,2,2,32,1,3,4,3,3,3,32,8,9,1,4,4,4,32,4,6,7,5,5,5,32,7,8,1,6,6,6,32,1,4,7,7,7,7,32,15,0,9,8,8,8,32,10,11,12,9,9,9,32,15,9,10,10,10,10,32,3,2,15,11,11,11,32,13,14,3,12,12,12,32,15,10,12,13,13,13,32,13,3,15,14,14,14,32,12,13,15,13,13,13,33,16,0,15,17,15,15,15,15,33,0,16,18,1,16,16,16,16,33,1,18,19,2,17,17,17,17,33,2,19,17,15,18,18,18,18,32,26,16,17,19,19,19,32,17,19,20,20,20,20,32,20,21,22,21,21,21,32,23,24,25,22,22,22,32,17,20,22,23,23,23,32,23,25,26,5,5,5,32,17,22,23,24,24,24,32,17,23,26,25,25,25,32,18,16,26,26,26,26,32,26,27,28,22,22,22,32,29,30,31,27,27,27,32,18,26,28,27,27,27,32,29,31,20,5,5,5,32,18,28,29,22,22,22,32,20,19,18,22,22,22,32,29,20,18,27,27,27,33,24,23,12,11,28,29,30,31,33,25,24,11,10,32,28,31,33,33,23,22,13,12,29,34,35,30,33,26,25,10,9,36,32,33,37,33,22,21,14,13,34,38,39,35,33,27,26,9,8,40,36,37,41,33,21,20,3,14,38,42,43,39,33,28,27,8,7,44,40,41,45,33,20,31,4,3,42,46,47,43,33,29,28,7,6,48,44,45,49,33,31,30,5,4,46,50,51,47,33,30,29,6,5,50,48,49,51],
    "vertices":[1,2.25318e-06,-1,1,2.3406e-06,1,-1,2.3406e-06,1,-0.430133,2.31656e-06,0.45,-0.162583,2.31656e-06,0.45,-0.000331119,2.30229e-06,0.12351,0.161921,2.31656e-06,0.45,0.430133,2.31656e-06,0.45,0.153311,2.29531e-06,-0.0360927,0.422848,2.27441e-06,-0.514238,0.157285,2.27441e-06,-0.514238,-0.000331119,2.28843e-06,-0.193709,-0.157947,2.27441e-06,-0.514238,-0.422848,2.27441e-06,-0.514238,-0.153974,2.29531e-06,-0.0360927,-1,2.25318e-06,-1,0.736035,1,-0.736035,-0.736035,1,-0.736035,0.736034,1,0.736035,-0.736035,1,0.736035,-0.430133,1,0.45,-0.153974,1,-0.0360928,-0.422848,1,-0.514238,-0.157947,1,-0.514238,-0.000331119,1,-0.193709,0.157285,1,-0.514238,0.422848,1,-0.514238,0.153311,1,-0.0360928,0.430133,1,0.45,0.161921,1,0.45,-0.000331119,1,0.12351,-0.162583,1,0.45],
    "metadata":{
        "version":3,
        "vertices":32,
        "uvs":0,
        "generator":"io_three",
        "faces":48,
        "type":"Geometry",
        "normals":52
    },
    "uvs":[],
    "normals":[8.93e-14,-1,4.37115e-08,-3.9e-15,-1,4.37116e-08,0,-1,4.37114e-08,0,-1,4.37116e-08,9.87e-14,-1,4.37114e-08,0,0,0,1.281e-13,-1,4.37114e-08,0,-1,4.37116e-08,-9.1e-15,-1,4.37113e-08,0,-1,4.3712e-08,0,-1,4.37113e-08,-1.185e-13,-1,4.37114e-08,-8.79e-14,-1,4.37114e-08,0,-1,4.37113e-08,-1.142e-13,-1,4.37114e-08,2.32378e-07,0.255224,-0.966882,0.966882,0.255224,2.40677e-07,-2.65574e-07,0.255224,0.966882,-0.966882,0.255223,-2.24078e-07,7.62e-14,1,-2.68736e-07,-3.78606e-08,1,-4.04904e-08,0,1,-0,0,1,0,-1.89303e-07,1,-1.43018e-09,0,1,-2.68736e-07,0,1,-2.68736e-07,1.61641e-07,1,-4.04903e-08,-0,1,0,0,0.550432,0.834864,-0.420728,0.605243,0.675741,-0.420728,-0.605243,0.675741,0,-0.550432,0.834864,0.420728,0.605243,0.675741,0.420728,-0.605243,0.675741,0.717978,0.555071,0.419965,0.717978,-0.555071,0.419965,-0.250557,0.956938,0.146397,-0.250557,-0.956938,0.146397,0.791375,0.611316,0.00170904,0.791375,-0.611316,0.00170904,-0.791467,0.611164,0.00170904,-0.791467,-0.611164,0.00170904,0.250008,0.957213,-0.145482,0.250008,-0.957213,-0.145482,-0.719199,0.554888,-0.418073,-0.719199,-0.554888,-0.418073,-0.419172,0.605548,-0.676412,-0.419172,-0.605548,-0.676412,0.419172,0.605548,-0.676412,0.419172,-0.605548,-0.676412,0,0.550676,-0.834681,0,-0.550676,-0.834681]
}