{
    "uvs":[],
    "vertices":[1,2e-06,-1,1,2e-06,1,-1,2e-06,1,-0.117881,2e-06,0.45,0.117881,2e-06,0.45,0.117881,2e-06,0.103642,0.428477,2e-06,-0.514238,0.177483,2e-06,-0.514238,0,2e-06,-0.095695,-0.178146,2e-06,-0.514238,-0.427815,2e-06,-0.514238,-0.117881,2e-06,0.103642,-1,2e-06,-1,0.736035,1,-0.736035,-0.736035,1,-0.736035,0.736034,1,0.736035,-0.736035,1,0.736035,-0.117881,1,0.45,-0.117881,1,0.103642,-0.427815,1,-0.514238,-0.178146,1,-0.514238,0,1,-0.095695,0.177483,1,-0.514238,0.428477,1,-0.514238,0.117881,1,0.103642,0.117881,1,0.45],
    "faces":[32,1,2,3,0,0,0,32,4,5,6,1,1,1,32,1,3,4,2,2,2,32,7,8,9,3,3,3,32,1,4,6,4,4,4,32,7,9,0,5,5,5,32,0,1,6,6,6,6,32,0,6,7,7,7,7,32,12,0,9,8,8,8,32,10,11,3,9,9,9,32,12,9,10,10,10,10,32,3,2,12,11,11,11,32,10,3,12,12,12,12,33,13,0,12,14,13,13,13,13,33,0,13,15,1,14,14,14,14,33,1,15,16,2,15,15,15,15,33,2,16,14,12,16,16,16,16,32,22,13,14,17,17,17,32,14,16,17,18,18,18,32,17,18,19,19,19,19,32,20,21,22,20,20,20,32,14,17,19,21,21,21,32,20,22,14,22,22,22,32,14,19,20,23,23,23,32,13,22,23,24,24,24,32,23,24,25,20,20,20,32,25,17,16,25,25,25,32,15,13,23,26,26,26,32,25,16,15,20,20,20,32,23,25,15,20,20,20,33,21,20,9,8,27,28,29,30,33,22,21,8,7,31,27,30,32,33,20,19,10,9,28,33,34,29,33,23,22,7,6,35,31,32,36,33,19,18,11,10,33,37,38,34,33,24,23,6,5,39,35,36,40,33,18,17,3,11,37,41,42,38,33,25,24,5,4,43,39,40,44,33,17,25,4,3,41,43,44,42],
    "metadata":{
        "vertices":26,
        "uvs":0,
        "normals":45,
        "version":3,
        "type":"Geometry",
        "faces":39,
        "generator":"io_three"
    },
    "normals":[-0,-1,0,-0,-1,0,0,-1,0,0,-1,0,0,-1,0,0,-1,0,0,-1,0,0,-1,0,-0,-1,0,0,-1,0,0,-1,0,-0,-1,0,-0,-1,0,0,0.255224,-0.966882,0.966882,0.255224,0,-0,0.255224,0.966882,-0.966882,0.255223,-0,0,1,-0,-0,1,-0,0,1,0,0,1,0,-0,1,0,0,1,-0,0,1,-0,0,1,-0,-0,1,0,0,1,-0,0.000549,0.54738,0.836879,-0.440565,0.601489,0.666372,-0.286508,-0.854427,0.433363,0.000549,-0.54738,0.836879,0.382366,0.721274,0.577471,0.441054,-0.601398,0.666128,0.70687,0.556749,0.436232,0.70687,-0.556749,0.436232,-0.707083,0.556719,0.435957,-0.707083,-0.556719,0.435957,0.732109,0.658742,-0.173315,0.732109,-0.658742,-0.173315,-0.732109,0.65865,-0.17365,-0.732109,-0.65865,-0.17365,0.301492,0.904508,-0.301492,0.301492,-0.904508,-0.301492,-0.577349,0.577349,-0.577349,-0.577349,-0.577349,-0.577349]
}