{
    "faces":[32,1,2,3,0,0,0,32,1,3,4,1,1,1,32,8,9,0,2,2,2,32,5,6,7,3,3,3,32,7,8,0,4,4,4,32,0,1,4,5,5,5,32,5,7,0,6,6,6,32,0,4,5,7,7,7,32,13,0,9,8,8,8,32,10,11,12,9,9,9,32,13,9,10,10,10,10,32,3,2,13,11,11,11,32,10,12,3,12,12,12,32,10,3,13,13,13,13,33,14,0,13,15,14,14,14,14,33,0,14,16,1,15,15,15,15,33,1,16,17,2,16,16,16,16,33,2,17,15,13,17,17,17,17,32,23,14,15,18,18,18,32,15,17,18,19,19,19,32,19,20,21,20,20,20,32,15,18,19,21,21,21,32,22,23,15,22,22,22,32,15,19,21,23,23,23,32,15,21,22,24,24,24,32,16,14,23,25,25,25,32,24,25,26,26,26,26,32,16,23,24,27,27,27,32,18,17,16,26,26,26,32,27,18,16,27,27,27,32,16,24,26,27,27,27,32,26,27,16,26,26,26,33,25,24,7,6,28,29,30,31,33,26,25,6,5,32,28,31,33,33,24,23,8,7,29,34,33,30,33,27,26,5,4,35,32,33,36,33,23,22,9,8,34,37,38,33,33,18,27,4,3,39,35,36,40,33,22,21,10,9,37,41,42,38,33,19,18,3,12,43,39,40,44,33,21,20,11,10,41,45,46,42,33,20,19,12,11,45,43,44,46],
    "vertices":[1,2.25318e-06,-1,1,2.3406e-06,1,-1,2.3406e-06,1,-0.369868,2.31656e-06,0.45,0.381126,2.31656e-06,0.45,0.381126,2.30875e-06,0.271192,-0.0798013,2.30875e-06,0.271192,0.37649,2.27963e-06,-0.395033,0.37649,2.27441e-06,-0.514238,-0.372517,2.27441e-06,-0.514238,-0.372517,2.28226e-06,-0.334768,0.0897351,2.28226e-06,-0.334768,-0.369868,2.31121e-06,0.327483,-1,2.25318e-06,-1,0.736035,1,-0.736035,-0.736035,1,-0.736035,0.736034,1,0.736035,-0.736035,1,0.736035,-0.369868,1,0.45,-0.369868,1,0.327483,0.0897351,1,-0.334768,-0.372517,1,-0.334768,-0.372517,1,-0.514238,0.37649,1,-0.514238,0.37649,1,-0.395033,-0.0798013,1,0.271192,0.381126,1,0.271192,0.381126,1,0.45],
    "metadata":{
        "version":3,
        "vertices":28,
        "uvs":0,
        "generator":"io_three",
        "faces":42,
        "type":"Geometry",
        "normals":47
    },
    "uvs":[],
    "normals":[-3.9e-15,-1,4.37116e-08,0,-1,4.37116e-08,0,-1,4.37113e-08,0,-1,4.37113e-08,6.602e-13,-1,4.37122e-08,9.47e-14,-1,4.37115e-08,-2.166e-13,-1,4.37113e-08,2.809e-13,-1,4.37115e-08,-9.1e-15,-1,4.37113e-08,0,-1,4.37113e-08,-8.636e-13,-1,4.37124e-08,-1.071e-13,-1,4.37114e-08,4.24183e-11,-1,4.37111e-08,4.055e-13,-1,4.37112e-08,2.32378e-07,0.255224,-0.966882,0.966882,0.255224,2.40677e-07,-2.65574e-07,0.255224,0.966882,-0.966882,0.255223,-2.24078e-07,7.62e-14,1,-2.68736e-07,-3.16294e-08,1,-4.04904e-08,0,1,-0,-1.6278e-07,1,0,0,1,-2.68736e-07,-1.64693e-07,1,6.58773e-10,-1.63966e-07,1,0,1.408e-07,1,-4.04903e-08,0,1,0,-0,1,0,-0.73751,0.552171,0.388775,-0.728996,0.646199,-0.225715,-0.728996,-0.646199,-0.225715,-0.73751,-0.552171,0.388775,-0.577349,0.577349,0.577349,-0.577349,-0.577349,0.577349,-0.301492,0.904508,0.301492,-0.577349,0.577349,-0.577349,-0.577349,-0.577349,-0.577349,0.577349,0.577349,0.577349,0.496658,-0.711783,0.496658,0.301492,0.904508,-0.301492,0.301492,-0.904508,-0.301492,0.577349,0.577349,-0.577349,0.577349,-0.577349,-0.577349,0.728751,0.645619,0.228095,0.728751,-0.645619,0.228095,0.738823,0.551958,-0.386547,0.738823,-0.551958,-0.386547]
}