{
    "uvs":[],
    "normals":[8.03581e-14,-1,4.37115e-08,0,-1,4.37116e-08,-9.2735e-13,-1,4.37103e-08,-2.20788e-12,-1,4.37124e-08,0,-1,4.37108e-08,0,-1,4.37108e-08,-3.90813e-15,-1,4.37117e-08,0,-1,4.37106e-08,0,-1,4.37117e-08,6.92826e-13,-1,4.3711e-08,0,-1,4.37113e-08,2.39301e-13,-1,4.37113e-08,1.48117e-13,-1,4.37114e-08,0,-1,4.37113e-08,1.93312e-14,-1,4.37115e-08,4.42501e-13,-1,4.37112e-08,-9.1189e-15,-1,4.37113e-08,0,0,0,0,-1,4.37113e-08,-9.73518e-14,-1,4.37114e-08,-9.56486e-14,-1,4.37114e-08,0.966882,0.255224,2.40677e-07,-2.65574e-07,0.255224,0.966882,0.301492,0.904508,-0.301492,0.66628,0.562975,-0.488968,0.66628,-0.562975,-0.488968,0.301492,-0.904508,-0.301492,-0.475265,0.595111,-0.648,-0.577349,0.577349,-0.577349,-0.577349,-0.577349,-0.577349,-0.475265,-0.595111,-0.648,-0.577349,0.577349,0.577349,-0.577349,-0.577349,0.577349,-0.666433,-0.562975,0.488784,-0.666433,0.562975,0.488784,-0.413678,0.810999,-0.413678,-0.301492,-0.904508,0.301492,2.32378e-07,0.255224,-0.966882,0,0.707083,0.707083,0,-0.707083,0.707083,0.577349,0.577349,0.577349,0.577349,-0.577349,0.577349,-0.966882,0.255223,-2.24078e-07,1.14977e-07,1,-4.04903e-08,-0,1,0,0,1,0,-0,1,-0,-2.69709e-08,1,-4.04904e-08,-1.38805e-07,1,0,1.58063e-07,1,0,0,1,-2.68736e-07,0,1,-2.68736e-07,7.61685e-14,1,-2.68736e-07,0,-1,4.37108e-08,0.475478,0.59505,0.647908,0.475478,-0.59505,0.647908,0,1,0],
    "vertices":[1,2.25318e-06,-1,1,2.3406e-06,1,-1,2.3406e-06,1,-0.306623,2.31656e-06,0.45,-0.231262,2.31656e-06,0.45,-0.257285,2.32018e-06,0.532781,-0.0990066,2.32018e-06,0.532781,-0.0729313,2.31656e-06,0.45,0.357616,2.31656e-06,0.45,0.357616,2.30875e-06,0.271192,-0.0166084,2.30875e-06,0.271192,0.0557768,2.2987e-06,0.0413907,0.291391,2.2987e-06,0.0413907,0.291391,2.29115e-06,-0.131457,0.110222,2.29115e-06,-0.131457,0.174263,2.28226e-06,-0.334768,0.35894,2.28226e-06,-0.334768,0.35894,2.27441e-06,-0.514238,0.230795,2.27441e-06,-0.514238,0.0718543,2.27441e-06,-0.514238,-0.306623,2.27441e-06,-0.514238,-1,2.25318e-06,-1,0.736035,1,-0.736035,0.736034,1,0.736035,-0.736035,1,0.736035,-0.306623,1,0.45,-0.231262,1,0.45,-0.0729313,1,0.45,0.357616,1,0.45,0.357616,1,0.271192,-0.0166084,1,0.271192,0.0557768,1,0.0413907,0.291391,1,0.0413907,0.291391,1,-0.131457,0.110222,1,-0.131457,0.174263,1,-0.334768,0.35894,1,-0.334768,0.35894,1,-0.514238,-0.736035,1,-0.736035,0.230795,1,-0.514238,0.0718543,1,-0.514238,-0.306623,1,-0.514238,-0.0990066,1,0.532781,-0.257285,1,0.532781,-0.0484761,2.29115e-06,-0.131457,-0.0741722,2.29115e-06,-0.131457,-0.0741722,2.28226e-06,-0.334768,0.0154364,2.28226e-06,-0.334768,-0.0484761,1,-0.131457,-0.0741722,1,-0.131457,-0.0741722,1,-0.334768,0.0154364,1,-0.334768],
    "metadata":{
        "uvs":0,
        "normals":57,
        "faces":72,
        "generator":"io_three",
        "version":3,
        "vertices":52,
        "type":"Geometry"
    },
    "faces":[32,17,0,1,0,0,0,32,2,3,4,1,1,1,32,2,4,5,2,2,2,32,16,17,1,3,3,3,32,14,15,16,4,4,4,32,13,14,16,5,5,5,32,1,2,5,6,6,6,32,6,7,8,7,7,7,32,1,5,6,8,8,8,32,13,16,1,9,9,9,32,10,11,12,10,10,10,32,12,13,1,11,11,11,32,1,6,8,12,12,12,32,9,10,12,13,13,13,32,1,8,9,14,14,14,32,1,9,12,15,15,15,32,21,0,17,16,16,16,32,18,19,20,17,17,17,32,21,17,18,18,18,18,32,3,2,21,19,19,19,32,21,18,20,18,18,18,32,20,3,21,20,20,20,33,0,22,23,1,21,21,21,21,33,1,23,24,2,22,22,22,22,33,25,26,4,3,23,24,25,26,33,27,28,8,7,27,28,29,30,33,28,29,9,8,28,31,32,29,33,10,9,29,30,33,32,31,34,33,31,32,12,11,27,28,29,30,33,32,33,13,12,28,31,32,29,33,33,34,14,13,31,34,33,32,33,35,36,16,15,27,35,29,30,33,36,37,17,16,35,31,36,29,33,22,0,21,38,37,37,37,37,33,37,39,18,17,31,38,39,36,33,40,41,20,19,38,40,41,39,33,41,25,3,20,40,23,26,41,33,2,24,38,21,42,42,42,42,32,23,22,36,43,43,43,32,36,35,34,44,44,44,32,36,34,33,45,45,45,32,26,25,24,44,44,44,32,43,26,24,46,46,46,32,23,36,33,44,44,44,32,32,31,30,44,44,44,32,23,33,32,44,44,44,32,43,24,23,45,45,45,32,28,27,42,44,44,44,32,42,43,23,44,44,44,32,32,30,29,45,45,45,32,28,42,23,45,45,45,32,23,32,29,44,44,44,32,29,28,23,45,45,45,32,38,24,25,47,47,47,32,41,40,39,17,17,17,32,38,25,41,48,48,48,32,37,36,22,49,49,49,32,38,41,39,50,50,50,32,39,37,22,51,51,51,32,22,38,39,52,52,52,33,39,40,19,18,38,38,39,39,33,42,27,7,6,27,27,30,30,33,43,42,6,5,24,27,30,25,33,5,4,26,43,25,25,24,24,33,35,15,14,34,27,30,33,34,33,11,10,30,31,30,33,34,27,33,44,45,46,47,53,53,53,53,33,48,49,45,44,54,31,32,55,33,49,50,46,45,31,28,29,32,33,50,51,47,46,28,24,25,29,33,51,50,49,48,56,56,56,56,33,47,51,48,44,25,24,54,55]
}