{
    "uvs":[],
    "normals":[0,-1,4.37124e-08,0,-1,4.37115e-08,0,-1,4.37114e-08,1.25212e-12,-1,4.37108e-08,2.13755e-13,-1,4.37114e-08,-0.577349,0.577349,-0.577349,-0.577349,-0.577349,-0.577349,-0.577349,-0.577349,0.577349,-0.577349,0.577349,0.577349,0.66628,-0.562975,-0.488968,0.66628,0.562975,-0.488968,0.577349,0.577349,0.577349,0.577349,-0.577349,0.577349,0.475478,-0.59505,0.647908,0.475478,0.59505,0.647908,0.577349,0.577349,-0.577349,0.577349,-0.577349,-0.577349,0,1,-0,0,1,0,0,1,-0,-0,1,0,0,-1,4.37124e-08,-0.475265,-0.595111,-0.648,-0.475265,0.595111,-0.648,-0.666433,-0.562975,0.488784,-0.666433,0.562975,0.488784,0,-1,4.37113e-08,0,-1,4.37115e-08],
    "vertices":[-0.306623,2.27441e-06,-0.514238,0.0718543,2.27441e-06,-0.514238,0.0154364,2.28226e-06,-0.334768,-0.0741722,2.28226e-06,-0.334768,-0.0741722,2.29115e-06,-0.131457,-0.0484761,2.29115e-06,-0.131457,-0.231262,2.31656e-06,0.45,-0.306623,2.31656e-06,0.45,-0.306623,1,-0.514238,-0.306623,1,0.45,0.0718543,1,-0.514238,-0.0741722,1,-0.334768,0.0154364,1,-0.334768,-0.0741722,1,-0.131457,-0.0484761,1,-0.131457,-0.231262,1,0.45,0.230795,2.27441e-06,-0.514238,0.35894,2.27441e-06,-0.514238,0.35894,2.28226e-06,-0.334768,0.174263,2.28226e-06,-0.334768,0.35894,1,-0.514238,0.230795,1,-0.514238,0.35894,1,-0.334768,0.174263,1,-0.334768,0.110222,2.29115e-06,-0.131457,0.291391,2.29115e-06,-0.131457,0.291391,2.2987e-06,0.0413907,0.0557768,2.2987e-06,0.0413907,0.291391,1,-0.131457,0.110222,1,-0.131457,0.291391,1,0.0413907,0.0557768,1,0.0413907,-0.0166084,2.30875e-06,0.271192,0.357616,2.30875e-06,0.271192,0.357616,2.31656e-06,0.45,-0.0729313,2.31656e-06,0.45,-0.0166084,1,0.271192,0.357616,1,0.271192,0.357616,1,0.45,-0.0729313,1,0.45],
    "metadata":{
        "uvs":0,
        "normals":28,
        "faces":38,
        "generator":"io_three",
        "version":3,
        "vertices":40,
        "type":"Geometry"
    },
    "faces":[32,0,1,2,0,0,0,32,0,2,3,0,0,0,32,6,7,0,1,1,1,32,4,5,6,2,2,2,32,0,3,4,3,3,3,32,0,4,6,4,4,4,33,8,0,7,9,5,6,7,8,33,1,0,8,10,9,6,5,10,33,11,3,2,12,11,12,13,14,33,13,4,3,11,15,16,12,11,33,5,4,13,14,9,16,15,10,33,9,7,6,15,8,7,13,14,32,15,14,13,17,17,17,32,11,12,10,18,18,18,32,15,13,11,19,19,19,32,8,9,15,18,18,18,32,11,10,8,19,19,19,32,11,8,15,20,20,20,33,10,12,2,1,10,14,13,9,33,5,14,15,6,9,10,14,13,33,16,17,18,19,21,21,21,21,33,20,17,16,21,15,16,22,23,33,22,18,17,20,11,12,16,15,33,19,18,22,23,24,12,11,25,33,23,22,20,21,19,19,19,19,33,16,19,23,21,22,24,25,23,33,24,25,26,27,26,26,26,26,33,28,25,24,29,15,16,22,23,33,30,26,25,28,11,12,16,15,33,27,26,30,31,24,12,11,25,33,30,28,29,31,20,20,20,20,33,27,31,29,24,24,25,23,22,33,32,33,34,35,27,27,27,27,33,36,37,33,32,23,15,16,22,33,38,34,33,37,11,12,16,15,33,35,34,38,39,24,12,11,25,33,39,38,37,36,19,19,19,19,33,36,32,35,39,23,22,24,25]
}