{
    "uvs":[],
    "normals":[0,-1,4.37106e-08,0.666433,-0.562975,-0.488784,-0.475478,-0.59505,-0.647908,-0.475478,0.59505,-0.647908,0.666433,0.562975,-0.488784,0,1,0,0.475265,0.595111,0.648,0.475265,-0.595111,0.648,-0.66628,0.562975,0.488968,-0.66628,-0.562975,0.488968,0,-1,4.37113e-08,-0.577349,0.577349,0.577349,-0.577349,-0.577349,0.577349,-0.577349,0.577349,-0.577349,-0.577349,-0.577349,-0.577349,0,-1,4.37108e-08],
    "vertices":[-0.231262,2.31656e-06,0.45,-0.0729313,2.31656e-06,0.45,-0.0990066,2.32018e-06,0.532781,-0.257285,2.32018e-06,0.532781,-0.231262,1,0.45,-0.0729313,1,0.45,-0.257285,1,0.532781,-0.0990066,1,0.532781,-0.0166084,2.30875e-06,0.271192,-0.0741722,2.30875e-06,0.271192,-0.0741722,2.2987e-06,0.0413907,0.0557768,2.2987e-06,0.0413907,-0.0166084,1,0.271192,-0.0741722,1,0.271192,-0.0741722,1,0.0413907,0.0557768,1,0.0413907,0.110222,2.29115e-06,-0.131457,-0.0484761,2.29115e-06,-0.131457,0.0154364,2.28226e-06,-0.334768,0.174263,2.28226e-06,-0.334768,0.110222,1,-0.131457,-0.0484761,1,-0.131457,0.0154364,1,-0.334768,0.174263,1,-0.334768],
    "metadata":{
        "uvs":0,
        "normals":16,
        "faces":18,
        "generator":"io_three",
        "version":3,
        "vertices":24,
        "type":"Geometry"
    },
    "faces":[33,0,1,2,3,0,0,0,0,33,1,0,4,5,1,2,3,4,33,5,4,6,7,5,5,5,5,33,7,2,1,5,6,7,1,4,33,6,3,2,7,8,9,7,6,33,4,0,3,6,3,2,9,8,33,8,9,10,11,10,10,10,10,33,12,13,9,8,6,11,12,7,33,13,14,10,9,11,13,14,12,33,11,10,14,15,1,14,13,4,33,15,14,13,12,5,5,5,5,33,15,12,8,11,4,6,7,1,33,16,17,18,19,15,15,15,15,33,20,21,17,16,6,8,9,7,33,22,23,19,18,3,4,1,2,33,23,22,21,20,5,5,5,5,33,23,20,16,19,4,6,7,1,33,18,17,21,22,2,9,8,3]
}